"Source	Target	Weight"
11	75	1
11	105	1
11	159	1
11	251	1
11	290	1
11	311	1
11	318	1
11	377	1
11	483	1
11	591	1
11	648	1
11	653	1
11	654	1
11	740	1
11	844	1
11	935	1
11	999	1
11	1015	1
11	1106	1
11	1157	1
11	1350	1
11	1351	1
11	1396	1
11	1449	1
11	1513	1
11	1691	1
11	1693	1
11	1828	1
11	1834	1
11	1873	1
11	1899	1
11	1902	1
11	1910	1
11	1925	1
11	1936	1
11	2004	1
11	2007	1
11	2137	1
11	2170	1
11	2174	1
11	2321	1
75	11	1
75	105	1
75	159	1
75	163	1
75	188	1
75	204	1
75	251	1
75	280	1
75	290	1
75	306	1
75	311	1
75	318	1
75	329	1
75	335	1
75	368	1
75	377	1
75	407	1
75	462	1
75	483	1
75	586	1
75	591	1
75	597	1
75	648	1
75	653	1
75	654	1
75	675	1
75	691	1
75	707	1
75	740	1
75	757	1
75	773	1
75	799	1
75	811	1
75	844	1
75	931	1
75	935	1
75	994	1
75	999	1
75	1015	1
75	1035	1
75	1086	1
75	1106	1
75	1157	1
75	1194	1
75	1260	1
75	1296	1
75	1326	1
75	1332	1
75	1337	1
75	1340	1
75	1350	1
75	1351	1
75	1392	1
75	1396	1
75	1398	1
75	1449	1
75	1513	1
75	1528	1
75	1553	1
75	1662	1
75	1691	1
75	1693	1
75	1752	1
75	1756	1
75	1817	1
75	1828	1
75	1834	1
75	1873	1
75	1899	1
75	1902	1
75	1910	1
75	1925	1
75	1936	1
75	1964	1
75	2004	1
75	2007	1
75	2041	1
75	2047	1
75	2070	1
75	2137	1
75	2166	1
75	2170	1
75	2174	1
75	2177	1
75	2186	1
75	2302	1
75	2321	1
105	11	1
105	75	1
105	136	1
105	145	1
105	159	1
105	163	1
105	188	1
105	204	1
105	251	1
105	280	1
105	290	1
105	306	1
105	311	1
105	314	1
105	318	1
105	329	1
105	335	1
105	339	1
105	368	1
105	377	1
105	393	1
105	407	1
105	421	1
105	428	1
105	468	1
105	483	1
105	586	1
105	591	1
105	597	1
105	648	1
105	653	1
105	654	1
105	675	1
105	691	1
105	705	1
105	707	1
105	740	1
105	757	1
105	773	1
105	806	1
105	844	1
105	901	1
105	918	1
105	935	1
105	994	1
105	999	1
105	1015	1
105	1086	1
105	1106	1
105	1115	1
105	1140	1
105	1141	1
105	1157	1
105	1159	1
105	1194	1
105	1260	1
105	1270	1
105	1309	1
105	1326	1
105	1340	1
105	1350	1
105	1351	1
105	1362	1
105	1364	1
105	1392	1
105	1396	1
105	1441	1
105	1449	1
105	1455	1
105	1471	1
105	1507	1
105	1512	1
105	1513	1
105	1528	1
105	1553	1
105	1583	1
105	1662	1
105	1691	1
105	1693	1
105	1710	1
105	1724	1
105	1730	1
105	1752	1
105	1756	1
105	1817	1
105	1828	1
105	1832	1
105	1834	1
105	1854	1
105	1869	1
105	1873	1
105	1899	1
105	1902	1
105	1910	1
105	1925	1
105	1936	1
105	1969	1
105	1980	1
105	2004	1
105	2007	1
105	2038	1
105	2041	1
105	2047	1
105	2058	1
105	2070	1
105	2137	1
105	2151	1
105	2166	1
105	2170	1
105	2174	1
105	2177	1
105	2186	1
105	2302	1
105	2321	1
105	2326	1
159	11	1
159	75	1
159	105	1
159	136	1
159	145	1
159	163	1
159	188	1
159	204	1
159	251	1
159	280	1
159	290	1
159	306	1
159	311	1
159	314	1
159	318	1
159	329	1
159	335	1
159	339	1
159	368	1
159	377	1
159	393	1
159	407	1
159	421	1
159	467	1
159	483	1
159	586	1
159	591	1
159	597	1
159	622	1
159	648	1
159	653	1
159	654	1
159	659	1
159	675	1
159	691	1
159	705	1
159	707	1
159	740	1
159	757	1
159	773	1
159	799	1
159	811	1
159	844	1
159	901	1
159	918	1
159	931	1
159	935	1
159	994	1
159	999	1
159	1015	1
159	1035	1
159	1086	1
159	1106	1
159	1115	1
159	1140	1
159	1141	1
159	1157	1
159	1194	1
159	1260	1
159	1296	1
159	1309	1
159	1326	1
159	1332	1
159	1340	1
159	1350	1
159	1351	1
159	1362	1
159	1364	1
159	1392	1
159	1396	1
159	1405	1
159	1441	1
159	1449	1
159	1455	1
159	1471	1
159	1507	1
159	1513	1
159	1528	1
159	1553	1
159	1583	1
159	1662	1
159	1689	1
159	1691	1
159	1693	1
159	1710	1
159	1724	1
159	1730	1
159	1752	1
159	1756	1
159	1817	1
159	1828	1
159	1834	1
159	1854	1
159	1873	1
159	1899	1
159	1902	1
159	1910	1
159	1925	1
159	1936	1
159	2004	1
159	2007	1
159	2041	1
159	2047	1
159	2058	1
159	2070	1
159	2137	1
159	2166	1
159	2170	1
159	2174	1
159	2177	1
159	2186	1
159	2302	1
159	2321	1
251	11	1
251	75	1
251	105	1
251	159	1
251	290	1
251	311	1
251	318	1
251	377	1
251	483	1
251	591	1
251	648	1
251	653	1
251	654	1
251	740	1
251	844	1
251	935	1
251	999	1
251	1015	1
251	1106	1
251	1157	1
251	1350	1
251	1351	1
251	1396	1
251	1449	1
251	1513	1
251	1691	1
251	1693	1
251	1828	1
251	1834	1
251	1873	1
251	1899	1
251	1902	1
251	1910	1
251	1925	1
251	1936	1
251	2004	1
251	2007	1
251	2137	1
251	2170	1
251	2174	1
251	2321	1
290	11	1
290	75	1
290	105	1
290	159	1
290	251	1
290	311	1
290	318	1
290	377	1
290	483	1
290	591	1
290	648	1
290	653	1
290	654	1
290	740	1
290	844	1
290	935	1
290	999	1
290	1015	1
290	1106	1
290	1157	1
290	1350	1
290	1351	1
290	1396	1
290	1449	1
290	1513	1
290	1691	1
290	1693	1
290	1828	1
290	1834	1
290	1873	1
290	1899	1
290	1902	1
290	1910	1
290	1925	1
290	1936	1
290	2004	1
290	2007	1
290	2137	1
290	2170	1
290	2174	1
290	2321	1
311	11	1
311	75	1
311	105	1
311	159	1
311	251	1
311	290	1
311	318	1
311	377	1
311	483	1
311	591	1
311	648	1
311	653	1
311	654	1
311	740	1
311	844	1
311	935	1
311	999	1
311	1015	1
311	1106	1
311	1157	1
311	1350	1
311	1351	1
311	1396	1
311	1449	1
311	1513	1
311	1691	1
311	1693	1
311	1828	1
311	1834	1
311	1873	1
311	1899	1
311	1902	1
311	1910	1
311	1925	1
311	1936	1
311	2004	1
311	2007	1
311	2137	1
311	2170	1
311	2174	1
311	2321	1
318	11	1
318	75	1
318	105	1
318	159	1
318	251	1
318	290	1
318	311	1
318	377	1
318	483	1
318	591	1
318	648	1
318	653	1
318	654	1
318	740	1
318	844	1
318	935	1
318	999	1
318	1015	1
318	1106	1
318	1157	1
318	1350	1
318	1351	1
318	1396	1
318	1449	1
318	1513	1
318	1691	1
318	1693	1
318	1828	1
318	1834	1
318	1873	1
318	1899	1
318	1902	1
318	1910	1
318	1925	1
318	1936	1
318	2004	1
318	2007	1
318	2137	1
318	2170	1
318	2174	1
318	2321	1
377	11	1
377	75	1
377	105	1
377	159	1
377	251	1
377	290	1
377	311	1
377	318	1
377	483	1
377	591	1
377	648	1
377	653	1
377	654	1
377	740	1
377	844	1
377	935	1
377	999	1
377	1015	1
377	1106	1
377	1157	1
377	1350	1
377	1351	1
377	1396	1
377	1449	1
377	1513	1
377	1691	1
377	1693	1
377	1828	1
377	1834	1
377	1873	1
377	1899	1
377	1902	1
377	1910	1
377	1925	1
377	1936	1
377	2004	1
377	2007	1
377	2137	1
377	2170	1
377	2174	1
377	2321	1
483	11	1
483	75	1
483	105	1
483	159	1
483	251	1
483	290	1
483	311	1
483	318	1
483	377	1
483	591	1
483	648	1
483	653	1
483	654	1
483	740	1
483	844	1
483	935	1
483	999	1
483	1015	1
483	1106	1
483	1157	1
483	1350	1
483	1351	1
483	1396	1
483	1449	1
483	1513	1
483	1691	1
483	1693	1
483	1828	1
483	1834	1
483	1873	1
483	1899	1
483	1902	1
483	1910	1
483	1925	1
483	1936	1
483	2004	1
483	2007	1
483	2137	1
483	2170	1
483	2174	1
483	2321	1
591	11	1
591	75	1
591	105	1
591	159	1
591	163	1
591	188	1
591	204	1
591	251	1
591	280	1
591	290	1
591	311	1
591	318	1
591	329	1
591	368	1
591	377	1
591	407	1
591	467	1
591	483	1
591	586	1
591	597	1
591	648	1
591	653	1
591	654	1
591	659	1
591	675	1
591	691	1
591	707	1
591	740	1
591	757	1
591	773	1
591	799	1
591	811	1
591	844	1
591	931	1
591	935	1
591	994	1
591	999	1
591	1015	1
591	1035	1
591	1086	1
591	1106	1
591	1157	1
591	1194	1
591	1260	1
591	1296	1
591	1326	1
591	1332	1
591	1340	1
591	1350	1
591	1351	1
591	1392	1
591	1396	1
591	1405	1
591	1449	1
591	1513	1
591	1528	1
591	1553	1
591	1662	1
591	1689	1
591	1691	1
591	1693	1
591	1710	1
591	1752	1
591	1756	1
591	1817	1
591	1828	1
591	1834	1
591	1873	1
591	1899	1
591	1902	1
591	1910	1
591	1925	1
591	1936	1
591	2004	1
591	2007	1
591	2041	1
591	2047	1
591	2070	1
591	2137	1
591	2166	1
591	2170	1
591	2174	1
591	2177	1
591	2186	1
591	2302	1
591	2321	1
648	11	1
648	75	1
648	105	1
648	159	1
648	251	1
648	290	1
648	311	1
648	318	1
648	377	1
648	483	1
648	591	1
648	653	1
648	654	1
648	740	1
648	844	1
648	935	1
648	999	1
648	1015	1
648	1106	1
648	1157	1
648	1350	1
648	1351	1
648	1396	1
648	1449	1
648	1513	1
648	1691	1
648	1693	1
648	1828	1
648	1834	1
648	1873	1
648	1899	1
648	1902	1
648	1910	1
648	1925	1
648	1936	1
648	2004	1
648	2007	1
648	2137	1
648	2170	1
648	2174	1
648	2321	1
653	11	1
653	75	1
653	105	1
653	159	1
653	251	1
653	290	1
653	311	1
653	318	1
653	377	1
653	483	1
653	591	1
653	648	1
653	654	1
653	740	1
653	844	1
653	935	1
653	999	1
653	1015	1
653	1106	1
653	1157	1
653	1350	1
653	1351	1
653	1396	1
653	1449	1
653	1513	1
653	1691	1
653	1693	1
653	1828	1
653	1834	1
653	1873	1
653	1899	1
653	1902	1
653	1910	1
653	1925	1
653	1936	1
653	2004	1
653	2007	1
653	2137	1
653	2170	1
653	2174	1
653	2321	1
654	11	1
654	75	1
654	105	1
654	159	1
654	251	1
654	290	1
654	311	1
654	318	1
654	377	1
654	483	1
654	591	1
654	648	1
654	653	1
654	740	1
654	844	1
654	935	1
654	999	1
654	1015	1
654	1106	1
654	1157	1
654	1350	1
654	1351	1
654	1396	1
654	1449	1
654	1513	1
654	1691	1
654	1693	1
654	1828	1
654	1834	1
654	1873	1
654	1899	1
654	1902	1
654	1910	1
654	1925	1
654	1936	1
654	2004	1
654	2007	1
654	2137	1
654	2170	1
654	2174	1
654	2321	1
740	11	1
740	75	1
740	105	1
740	159	1
740	163	1
740	188	1
740	204	1
740	251	1
740	280	1
740	290	1
740	311	1
740	318	1
740	329	1
740	368	1
740	377	1
740	407	1
740	462	1
740	483	1
740	586	1
740	591	1
740	597	1
740	648	1
740	653	1
740	654	1
740	675	1
740	691	1
740	707	1
740	757	1
740	773	1
740	799	1
740	811	1
740	844	1
740	931	1
740	935	1
740	994	1
740	999	1
740	1015	1
740	1035	1
740	1086	1
740	1106	1
740	1157	1
740	1194	1
740	1260	1
740	1296	1
740	1326	1
740	1332	1
740	1337	1
740	1340	1
740	1350	1
740	1351	1
740	1392	1
740	1396	1
740	1449	1
740	1513	1
740	1528	1
740	1553	1
740	1662	1
740	1691	1
740	1693	1
740	1752	1
740	1756	1
740	1817	1
740	1828	1
740	1834	1
740	1873	1
740	1899	1
740	1902	1
740	1910	1
740	1925	1
740	1936	1
740	1964	1
740	2004	1
740	2007	1
740	2041	1
740	2047	1
740	2070	1
740	2137	1
740	2166	1
740	2170	1
740	2174	1
740	2177	1
740	2186	1
740	2302	1
740	2321	1
844	11	1
844	75	1
844	105	1
844	159	1
844	251	1
844	290	1
844	311	1
844	318	1
844	377	1
844	483	1
844	591	1
844	648	1
844	653	1
844	654	1
844	740	1
844	935	1
844	999	1
844	1015	1
844	1106	1
844	1157	1
844	1350	1
844	1351	1
844	1396	1
844	1449	1
844	1513	1
844	1691	1
844	1693	1
844	1828	1
844	1834	1
844	1873	1
844	1899	1
844	1902	1
844	1910	1
844	1925	1
844	1936	1
844	2004	1
844	2007	1
844	2137	1
844	2170	1
844	2174	1
844	2321	1
935	11	1
935	75	1
935	105	1
935	159	1
935	251	1
935	290	1
935	311	1
935	318	1
935	377	1
935	483	1
935	591	1
935	648	1
935	653	1
935	654	1
935	740	1
935	844	1
935	999	1
935	1015	1
935	1106	1
935	1157	1
935	1350	1
935	1351	1
935	1396	1
935	1449	1
935	1513	1
935	1691	1
935	1693	1
935	1828	1
935	1834	1
935	1873	1
935	1899	1
935	1902	1
935	1910	1
935	1925	1
935	1936	1
935	2004	1
935	2007	1
935	2137	1
935	2170	1
935	2174	1
935	2321	1
999	11	1
999	75	1
999	105	1
999	159	1
999	163	1
999	251	1
999	290	1
999	311	1
999	318	1
999	377	1
999	483	1
999	586	1
999	591	1
999	648	1
999	653	1
999	654	1
999	691	1
999	707	1
999	740	1
999	757	1
999	799	1
999	811	1
999	844	1
999	931	1
999	935	1
999	994	1
999	1015	1
999	1035	1
999	1086	1
999	1106	1
999	1157	1
999	1260	1
999	1296	1
999	1332	1
999	1340	1
999	1350	1
999	1351	1
999	1392	1
999	1396	1
999	1449	1
999	1513	1
999	1553	1
999	1691	1
999	1693	1
999	1828	1
999	1834	1
999	1873	1
999	1899	1
999	1902	1
999	1910	1
999	1925	1
999	1936	1
999	2004	1
999	2007	1
999	2070	1
999	2137	1
999	2170	1
999	2174	1
999	2186	1
999	2302	1
999	2321	1
1015	11	1
1015	75	1
1015	105	1
1015	159	1
1015	251	1
1015	290	1
1015	311	1
1015	318	1
1015	377	1
1015	483	1
1015	591	1
1015	622	1
1015	648	1
1015	653	1
1015	654	1
1015	740	1
1015	844	1
1015	935	1
1015	999	1
1015	1086	1
1015	1106	1
1015	1157	1
1015	1350	1
1015	1351	1
1015	1396	1
1015	1449	1
1015	1513	1
1015	1553	1
1015	1691	1
1015	1693	1
1015	1828	1
1015	1834	1
1015	1873	1
1015	1899	1
1015	1902	1
1015	1910	1
1015	1925	1
1015	1936	1
1015	2004	1
1015	2007	1
1015	2070	1
1015	2137	1
1015	2170	1
1015	2174	1
1015	2321	1
1106	11	1
1106	75	1
1106	105	1
1106	159	1
1106	251	1
1106	290	1
1106	311	1
1106	318	1
1106	377	1
1106	462	1
1106	483	1
1106	586	1
1106	591	1
1106	648	1
1106	653	1
1106	654	1
1106	675	1
1106	707	1
1106	740	1
1106	757	1
1106	844	1
1106	935	1
1106	999	1
1106	1015	1
1106	1157	1
1106	1260	1
1106	1337	1
1106	1350	1
1106	1351	1
1106	1392	1
1106	1396	1
1106	1449	1
1106	1513	1
1106	1553	1
1106	1691	1
1106	1693	1
1106	1828	1
1106	1834	1
1106	1873	1
1106	1899	1
1106	1902	1
1106	1910	1
1106	1925	1
1106	1936	1
1106	1964	1
1106	2004	1
1106	2007	1
1106	2137	1
1106	2170	1
1106	2174	1
1106	2177	1
1106	2321	1
1157	11	1
1157	75	1
1157	105	1
1157	159	1
1157	251	1
1157	290	1
1157	311	1
1157	318	1
1157	377	1
1157	483	1
1157	591	1
1157	648	1
1157	653	1
1157	654	1
1157	740	1
1157	844	1
1157	935	1
1157	999	1
1157	1015	1
1157	1106	1
1157	1350	1
1157	1351	1
1157	1396	1
1157	1449	1
1157	1513	1
1157	1691	1
1157	1693	1
1157	1828	1
1157	1834	1
1157	1873	1
1157	1899	1
1157	1902	1
1157	1910	1
1157	1925	1
1157	1936	1
1157	2004	1
1157	2007	1
1157	2137	1
1157	2170	1
1157	2174	1
1157	2321	1
1350	11	1
1350	75	1
1350	105	1
1350	159	1
1350	251	1
1350	290	1
1350	311	1
1350	318	1
1350	377	1
1350	483	1
1350	591	1
1350	648	1
1350	653	1
1350	654	1
1350	740	1
1350	844	1
1350	935	1
1350	999	1
1350	1015	1
1350	1106	1
1350	1157	1
1350	1351	1
1350	1396	1
1350	1449	1
1350	1513	1
1350	1691	1
1350	1693	1
1350	1828	1
1350	1834	1
1350	1873	1
1350	1899	1
1350	1902	1
1350	1910	1
1350	1925	1
1350	1936	1
1350	2004	1
1350	2007	1
1350	2137	1
1350	2170	1
1350	2174	1
1350	2321	1
1351	11	1
1351	75	1
1351	105	1
1351	159	1
1351	251	1
1351	290	1
1351	311	1
1351	318	1
1351	377	1
1351	483	1
1351	591	1
1351	648	1
1351	653	1
1351	654	1
1351	740	1
1351	844	1
1351	935	1
1351	999	1
1351	1015	1
1351	1106	1
1351	1157	1
1351	1350	1
1351	1396	1
1351	1449	1
1351	1513	1
1351	1691	1
1351	1693	1
1351	1828	1
1351	1834	1
1351	1873	1
1351	1899	1
1351	1902	1
1351	1910	1
1351	1925	1
1351	1936	1
1351	2004	1
1351	2007	1
1351	2137	1
1351	2170	1
1351	2174	1
1351	2321	1
1396	11	1
1396	75	1
1396	105	1
1396	159	1
1396	251	1
1396	290	1
1396	306	1
1396	311	1
1396	318	1
1396	335	1
1396	377	1
1396	483	1
1396	586	1
1396	591	1
1396	648	1
1396	653	1
1396	654	1
1396	707	1
1396	740	1
1396	757	1
1396	844	1
1396	935	1
1396	994	1
1396	999	1
1396	1015	1
1396	1086	1
1396	1106	1
1396	1157	1
1396	1350	1
1396	1351	1
1396	1392	1
1396	1449	1
1396	1513	1
1396	1691	1
1396	1693	1
1396	1817	1
1396	1828	1
1396	1834	1
1396	1873	1
1396	1899	1
1396	1902	1
1396	1910	1
1396	1925	1
1396	1936	1
1396	2004	1
1396	2007	1
1396	2137	1
1396	2170	1
1396	2174	1
1396	2321	1
1449	11	1
1449	75	1
1449	105	1
1449	159	1
1449	251	1
1449	290	1
1449	311	1
1449	318	1
1449	377	1
1449	483	1
1449	591	1
1449	648	1
1449	653	1
1449	654	1
1449	740	1
1449	844	1
1449	935	1
1449	999	1
1449	1015	1
1449	1106	1
1449	1157	1
1449	1350	1
1449	1351	1
1449	1396	1
1449	1513	1
1449	1691	1
1449	1693	1
1449	1828	1
1449	1834	1
1449	1873	1
1449	1899	1
1449	1902	1
1449	1910	1
1449	1925	1
1449	1936	1
1449	2004	1
1449	2007	1
1449	2137	1
1449	2170	1
1449	2174	1
1449	2321	1
1513	11	1
1513	75	1
1513	105	1
1513	159	1
1513	251	1
1513	290	1
1513	311	1
1513	318	1
1513	377	1
1513	483	1
1513	591	1
1513	648	1
1513	653	1
1513	654	1
1513	740	1
1513	844	1
1513	935	1
1513	999	1
1513	1015	1
1513	1106	1
1513	1157	1
1513	1350	1
1513	1351	1
1513	1396	1
1513	1449	1
1513	1691	1
1513	1693	1
1513	1828	1
1513	1834	1
1513	1873	1
1513	1899	1
1513	1902	1
1513	1910	1
1513	1925	1
1513	1936	1
1513	2004	1
1513	2007	1
1513	2137	1
1513	2170	1
1513	2174	1
1513	2321	1
1691	11	1
1691	30	1
1691	55	1
1691	75	1
1691	105	1
1691	118	1
1691	159	1
1691	251	1
1691	290	1
1691	311	1
1691	318	1
1691	377	1
1691	415	1
1691	462	1
1691	483	1
1691	543	1
1691	586	1
1691	587	1
1691	591	1
1691	648	1
1691	653	1
1691	654	1
1691	675	1
1691	707	1
1691	740	1
1691	757	1
1691	802	1
1691	844	1
1691	935	1
1691	951	1
1691	999	1
1691	1011	1
1691	1015	1
1691	1084	1
1691	1087	1
1691	1106	1
1691	1157	1
1691	1260	1
1691	1337	1
1691	1350	1
1691	1351	1
1691	1355	1
1691	1392	1
1691	1396	1
1691	1416	1
1691	1418	1
1691	1449	1
1691	1513	1
1691	1553	1
1691	1693	1
1691	1828	1
1691	1834	1
1691	1873	1
1691	1899	1
1691	1902	1
1691	1910	1
1691	1925	1
1691	1936	1
1691	1952	1
1691	1964	1
1691	2004	1
1691	2007	1
1691	2137	1
1691	2170	1
1691	2174	1
1691	2177	1
1691	2192	1
1691	2233	1
1691	2321	1
1693	11	1
1693	55	1
1693	75	1
1693	105	1
1693	159	1
1693	188	1
1693	204	1
1693	251	1
1693	280	1
1693	290	1
1693	311	1
1693	318	1
1693	329	1
1693	368	1
1693	377	1
1693	407	1
1693	415	1
1693	462	1
1693	483	1
1693	586	1
1693	587	1
1693	591	1
1693	597	1
1693	648	1
1693	653	1
1693	654	1
1693	675	1
1693	691	1
1693	707	1
1693	740	1
1693	757	1
1693	773	1
1693	844	1
1693	935	1
1693	994	1
1693	999	1
1693	1015	1
1693	1086	1
1693	1106	1
1693	1157	1
1693	1194	1
1693	1260	1
1693	1270	1
1693	1326	1
1693	1337	1
1693	1350	1
1693	1351	1
1693	1392	1
1693	1396	1
1693	1418	1
1693	1449	1
1693	1513	1
1693	1528	1
1693	1553	1
1693	1662	1
1693	1691	1
1693	1752	1
1693	1756	1
1693	1817	1
1693	1828	1
1693	1834	1
1693	1873	1
1693	1899	1
1693	1902	1
1693	1910	1
1693	1925	1
1693	1936	1
1693	1964	1
1693	2004	1
1693	2007	1
1693	2038	1
1693	2041	1
1693	2047	1
1693	2070	1
1693	2137	1
1693	2166	1
1693	2170	1
1693	2174	1
1693	2177	1
1693	2233	1
1693	2321	1
1828	11	1
1828	30	1
1828	75	1
1828	105	1
1828	118	1
1828	145	1
1828	159	1
1828	163	1
1828	251	1
1828	290	1
1828	311	1
1828	318	1
1828	377	1
1828	428	1
1828	468	1
1828	483	1
1828	543	1
1828	586	1
1828	591	1
1828	648	1
1828	653	1
1828	654	1
1828	691	1
1828	707	1
1828	740	1
1828	757	1
1828	773	1
1828	799	1
1828	802	1
1828	806	1
1828	811	1
1828	844	1
1828	931	1
1828	935	1
1828	951	1
1828	994	1
1828	999	1
1828	1011	1
1828	1015	1
1828	1035	1
1828	1084	1
1828	1086	1
1828	1087	1
1828	1106	1
1828	1157	1
1828	1159	1
1828	1194	1
1828	1260	1
1828	1296	1
1828	1332	1
1828	1340	1
1828	1350	1
1828	1351	1
1828	1355	1
1828	1392	1
1828	1396	1
1828	1416	1
1828	1418	1
1828	1449	1
1828	1512	1
1828	1513	1
1828	1553	1
1828	1691	1
1828	1693	1
1828	1832	1
1828	1834	1
1828	1869	1
1828	1873	1
1828	1899	1
1828	1902	1
1828	1910	1
1828	1925	1
1828	1936	1
1828	1952	1
1828	1969	1
1828	2004	1
1828	2007	1
1828	2070	1
1828	2137	1
1828	2151	1
1828	2170	1
1828	2174	1
1828	2186	1
1828	2192	1
1828	2233	1
1828	2302	1
1828	2321	1
1834	11	1
1834	64	1
1834	75	1
1834	105	1
1834	136	1
1834	145	1
1834	159	1
1834	163	1
1834	188	1
1834	204	1
1834	246	1
1834	251	1
1834	280	1
1834	290	1
1834	306	1
1834	311	1
1834	314	1
1834	318	1
1834	329	1
1834	335	1
1834	339	1
1834	368	1
1834	377	1
1834	393	1
1834	407	1
1834	421	1
1834	428	1
1834	467	1
1834	468	1
1834	483	1
1834	586	1
1834	591	1
1834	597	1
1834	648	1
1834	653	1
1834	654	1
1834	659	1
1834	675	1
1834	691	1
1834	705	1
1834	707	1
1834	740	1
1834	757	1
1834	773	1
1834	799	1
1834	806	1
1834	811	1
1834	844	1
1834	901	1
1834	918	1
1834	931	1
1834	935	1
1834	957	1
1834	994	1
1834	999	1
1834	1015	1
1834	1035	1
1834	1086	1
1834	1106	1
1834	1115	1
1834	1140	1
1834	1141	1
1834	1157	1
1834	1159	1
1834	1194	1
1834	1260	1
1834	1296	1
1834	1309	1
1834	1326	1
1834	1332	1
1834	1340	1
1834	1350	1
1834	1351	1
1834	1362	1
1834	1364	1
1834	1392	1
1834	1396	1
1834	1405	1
1834	1441	1
1834	1449	1
1834	1455	1
1834	1471	1
1834	1507	1
1834	1512	1
1834	1513	1
1834	1528	1
1834	1553	1
1834	1583	1
1834	1662	1
1834	1689	1
1834	1691	1
1834	1693	1
1834	1710	1
1834	1724	1
1834	1730	1
1834	1752	1
1834	1756	1
1834	1817	1
1834	1828	1
1834	1832	1
1834	1854	1
1834	1869	1
1834	1873	1
1834	1899	1
1834	1902	1
1834	1910	1
1834	1925	1
1834	1936	1
1834	1969	1
1834	2004	1
1834	2007	1
1834	2041	1
1834	2047	1
1834	2058	1
1834	2070	1
1834	2137	1
1834	2151	1
1834	2166	1
1834	2170	1
1834	2174	1
1834	2177	1
1834	2186	1
1834	2302	1
1834	2321	1
1873	11	1
1873	75	1
1873	105	1
1873	159	1
1873	251	1
1873	290	1
1873	311	1
1873	318	1
1873	377	1
1873	483	1
1873	591	1
1873	622	1
1873	648	1
1873	653	1
1873	654	1
1873	740	1
1873	844	1
1873	935	1
1873	999	1
1873	1015	1
1873	1086	1
1873	1106	1
1873	1157	1
1873	1350	1
1873	1351	1
1873	1396	1
1873	1449	1
1873	1513	1
1873	1553	1
1873	1691	1
1873	1693	1
1873	1828	1
1873	1834	1
1873	1899	1
1873	1902	1
1873	1910	1
1873	1925	1
1873	1936	1
1873	2004	1
1873	2007	1
1873	2070	1
1873	2137	1
1873	2170	1
1873	2174	1
1873	2321	1
1899	11	1
1899	75	1
1899	105	1
1899	159	1
1899	251	1
1899	290	1
1899	311	1
1899	318	1
1899	377	1
1899	483	1
1899	591	1
1899	648	1
1899	653	1
1899	654	1
1899	740	1
1899	844	1
1899	935	1
1899	999	1
1899	1015	1
1899	1106	1
1899	1157	1
1899	1350	1
1899	1351	1
1899	1396	1
1899	1449	1
1899	1513	1
1899	1691	1
1899	1693	1
1899	1828	1
1899	1834	1
1899	1873	1
1899	1902	1
1899	1910	1
1899	1925	1
1899	1936	1
1899	2004	1
1899	2007	1
1899	2137	1
1899	2170	1
1899	2174	1
1899	2321	1
1902	11	1
1902	75	1
1902	105	1
1902	159	1
1902	163	1
1902	188	1
1902	204	1
1902	251	1
1902	280	1
1902	290	1
1902	306	1
1902	311	1
1902	318	1
1902	329	1
1902	335	1
1902	368	1
1902	377	1
1902	407	1
1902	428	1
1902	468	1
1902	483	1
1902	586	1
1902	591	1
1902	597	1
1902	648	1
1902	653	1
1902	654	1
1902	675	1
1902	691	1
1902	707	1
1902	740	1
1902	757	1
1902	773	1
1902	799	1
1902	811	1
1902	844	1
1902	931	1
1902	935	1
1902	994	1
1902	999	1
1902	1015	1
1902	1035	1
1902	1086	1
1902	1106	1
1902	1157	1
1902	1194	1
1902	1260	1
1902	1270	1
1902	1296	1
1902	1326	1
1902	1332	1
1902	1340	1
1902	1350	1
1902	1351	1
1902	1392	1
1902	1396	1
1902	1398	1
1902	1449	1
1902	1512	1
1902	1513	1
1902	1528	1
1902	1553	1
1902	1662	1
1902	1691	1
1902	1693	1
1902	1752	1
1902	1756	1
1902	1817	1
1902	1828	1
1902	1834	1
1902	1869	1
1902	1873	1
1902	1899	1
1902	1910	1
1902	1925	1
1902	1936	1
1902	1969	1
1902	2004	1
1902	2007	1
1902	2038	1
1902	2041	1
1902	2047	1
1902	2070	1
1902	2137	1
1902	2151	1
1902	2166	1
1902	2170	1
1902	2174	1
1902	2177	1
1902	2186	1
1902	2302	1
1902	2321	1
1910	11	1
1910	75	1
1910	105	1
1910	159	1
1910	251	1
1910	290	1
1910	311	1
1910	318	1
1910	377	1
1910	462	1
1910	483	1
1910	586	1
1910	591	1
1910	648	1
1910	653	1
1910	654	1
1910	675	1
1910	707	1
1910	740	1
1910	757	1
1910	844	1
1910	935	1
1910	999	1
1910	1015	1
1910	1106	1
1910	1157	1
1910	1260	1
1910	1337	1
1910	1350	1
1910	1351	1
1910	1392	1
1910	1396	1
1910	1449	1
1910	1513	1
1910	1553	1
1910	1691	1
1910	1693	1
1910	1828	1
1910	1834	1
1910	1873	1
1910	1899	1
1910	1902	1
1910	1925	1
1910	1936	1
1910	1964	1
1910	2004	1
1910	2007	1
1910	2137	1
1910	2170	1
1910	2174	1
1910	2177	1
1910	2321	1
1925	11	1
1925	75	1
1925	105	1
1925	159	1
1925	251	1
1925	290	1
1925	311	1
1925	318	1
1925	377	1
1925	483	1
1925	591	1
1925	648	1
1925	653	1
1925	654	1
1925	740	1
1925	844	1
1925	935	1
1925	999	1
1925	1015	1
1925	1106	1
1925	1157	1
1925	1350	1
1925	1351	1
1925	1396	1
1925	1449	1
1925	1513	1
1925	1691	1
1925	1693	1
1925	1828	1
1925	1834	1
1925	1873	1
1925	1899	1
1925	1902	1
1925	1910	1
1925	1936	1
1925	2004	1
1925	2007	1
1925	2137	1
1925	2170	1
1925	2174	1
1925	2321	1
1936	11	1
1936	75	1
1936	105	1
1936	159	1
1936	251	1
1936	290	1
1936	311	1
1936	318	1
1936	377	1
1936	483	1
1936	591	1
1936	648	1
1936	653	1
1936	654	1
1936	740	1
1936	844	1
1936	935	1
1936	999	1
1936	1015	1
1936	1106	1
1936	1157	1
1936	1350	1
1936	1351	1
1936	1396	1
1936	1449	1
1936	1513	1
1936	1691	1
1936	1693	1
1936	1828	1
1936	1834	1
1936	1873	1
1936	1899	1
1936	1902	1
1936	1910	1
1936	1925	1
1936	2004	1
1936	2007	1
1936	2137	1
1936	2170	1
1936	2174	1
1936	2321	1
2004	11	1
2004	75	1
2004	105	1
2004	159	1
2004	251	1
2004	290	1
2004	311	1
2004	318	1
2004	377	1
2004	483	1
2004	591	1
2004	648	1
2004	653	1
2004	654	1
2004	740	1
2004	844	1
2004	935	1
2004	999	1
2004	1015	1
2004	1106	1
2004	1157	1
2004	1350	1
2004	1351	1
2004	1396	1
2004	1449	1
2004	1513	1
2004	1691	1
2004	1693	1
2004	1828	1
2004	1834	1
2004	1873	1
2004	1899	1
2004	1902	1
2004	1910	1
2004	1925	1
2004	1936	1
2004	2007	1
2004	2137	1
2004	2170	1
2004	2174	1
2004	2321	1
2007	11	1
2007	75	1
2007	105	1
2007	159	1
2007	251	1
2007	290	1
2007	311	1
2007	318	1
2007	377	1
2007	483	1
2007	591	1
2007	648	1
2007	653	1
2007	654	1
2007	740	1
2007	844	1
2007	935	1
2007	999	1
2007	1015	1
2007	1106	1
2007	1157	1
2007	1350	1
2007	1351	1
2007	1396	1
2007	1449	1
2007	1513	1
2007	1691	1
2007	1693	1
2007	1828	1
2007	1834	1
2007	1873	1
2007	1899	1
2007	1902	1
2007	1910	1
2007	1925	1
2007	1936	1
2007	2004	1
2007	2137	1
2007	2170	1
2007	2174	1
2007	2321	1
2137	11	1
2137	75	1
2137	105	1
2137	136	1
2137	145	1
2137	159	1
2137	163	1
2137	251	1
2137	290	1
2137	311	1
2137	314	1
2137	318	1
2137	339	1
2137	377	1
2137	393	1
2137	421	1
2137	483	1
2137	586	1
2137	591	1
2137	648	1
2137	653	1
2137	654	1
2137	691	1
2137	705	1
2137	707	1
2137	740	1
2137	757	1
2137	799	1
2137	811	1
2137	844	1
2137	901	1
2137	918	1
2137	931	1
2137	935	1
2137	994	1
2137	999	1
2137	1015	1
2137	1035	1
2137	1086	1
2137	1106	1
2137	1115	1
2137	1140	1
2137	1141	1
2137	1157	1
2137	1260	1
2137	1296	1
2137	1309	1
2137	1332	1
2137	1340	1
2137	1350	1
2137	1351	1
2137	1362	1
2137	1364	1
2137	1392	1
2137	1396	1
2137	1441	1
2137	1449	1
2137	1455	1
2137	1471	1
2137	1507	1
2137	1513	1
2137	1553	1
2137	1583	1
2137	1691	1
2137	1693	1
2137	1724	1
2137	1730	1
2137	1828	1
2137	1834	1
2137	1854	1
2137	1873	1
2137	1899	1
2137	1902	1
2137	1910	1
2137	1925	1
2137	1936	1
2137	2004	1
2137	2007	1
2137	2058	1
2137	2070	1
2137	2170	1
2137	2174	1
2137	2186	1
2137	2302	1
2137	2321	1
2170	11	1
2170	75	1
2170	105	1
2170	159	1
2170	251	1
2170	290	1
2170	311	1
2170	318	1
2170	377	1
2170	483	1
2170	591	1
2170	648	1
2170	653	1
2170	654	1
2170	740	1
2170	844	1
2170	935	1
2170	999	1
2170	1015	1
2170	1106	1
2170	1157	1
2170	1350	1
2170	1351	1
2170	1396	1
2170	1449	1
2170	1513	1
2170	1691	1
2170	1693	1
2170	1828	1
2170	1834	1
2170	1873	1
2170	1899	1
2170	1902	1
2170	1910	1
2170	1925	1
2170	1936	1
2170	2004	1
2170	2007	1
2170	2137	1
2170	2174	1
2170	2321	1
2174	11	1
2174	75	1
2174	105	1
2174	159	1
2174	251	1
2174	290	1
2174	311	1
2174	318	1
2174	377	1
2174	483	1
2174	591	1
2174	648	1
2174	653	1
2174	654	1
2174	740	1
2174	844	1
2174	935	1
2174	999	1
2174	1015	1
2174	1106	1
2174	1157	1
2174	1350	1
2174	1351	1
2174	1396	1
2174	1449	1
2174	1513	1
2174	1691	1
2174	1693	1
2174	1828	1
2174	1834	1
2174	1873	1
2174	1899	1
2174	1902	1
2174	1910	1
2174	1925	1
2174	1936	1
2174	2004	1
2174	2007	1
2174	2137	1
2174	2170	1
2174	2321	1
2321	11	1
2321	75	1
2321	105	1
2321	159	1
2321	251	1
2321	290	1
2321	311	1
2321	318	1
2321	377	1
2321	483	1
2321	591	1
2321	648	1
2321	653	1
2321	654	1
2321	740	1
2321	844	1
2321	935	1
2321	999	1
2321	1015	1
2321	1106	1
2321	1157	1
2321	1350	1
2321	1351	1
2321	1396	1
2321	1449	1
2321	1513	1
2321	1691	1
2321	1693	1
2321	1828	1
2321	1834	1
2321	1873	1
2321	1899	1
2321	1902	1
2321	1910	1
2321	1925	1
2321	1936	1
2321	2004	1
2321	2007	1
2321	2137	1
2321	2170	1
2321	2174	1
163	75	1
163	105	1
163	159	1
163	335	1
163	428	1
163	468	1
163	586	1
163	591	1
163	691	1
163	707	1
163	740	1
163	757	1
163	773	1
163	799	1
163	811	1
163	931	1
163	994	1
163	999	1
163	1035	1
163	1086	1
163	1194	1
163	1260	1
163	1296	1
163	1332	1
163	1340	1
163	1392	1
163	1512	1
163	1553	1
163	1817	1
163	1828	1
163	1834	1
163	1869	1
163	1902	1
163	1969	1
163	2070	1
163	2137	1
163	2151	1
163	2186	1
163	2302	1
188	75	1
188	105	1
188	159	1
188	204	1
188	280	1
188	329	1
188	368	1
188	407	1
188	591	1
188	597	1
188	675	1
188	707	1
188	740	1
188	757	1
188	773	1
188	994	1
188	1086	1
188	1194	1
188	1260	1
188	1326	1
188	1392	1
188	1528	1
188	1553	1
188	1662	1
188	1693	1
188	1752	1
188	1756	1
188	1817	1
188	1834	1
188	1902	1
188	2041	1
188	2047	1
188	2166	1
188	2177	1
204	75	1
204	105	1
204	159	1
204	188	1
204	280	1
204	329	1
204	368	1
204	407	1
204	591	1
204	597	1
204	675	1
204	707	1
204	740	1
204	757	1
204	773	1
204	994	1
204	1086	1
204	1194	1
204	1260	1
204	1326	1
204	1392	1
204	1528	1
204	1553	1
204	1662	1
204	1693	1
204	1752	1
204	1756	1
204	1817	1
204	1834	1
204	1902	1
204	2041	1
204	2047	1
204	2166	1
204	2177	1
280	75	1
280	105	1
280	159	1
280	188	1
280	204	1
280	329	1
280	368	1
280	407	1
280	591	1
280	597	1
280	675	1
280	707	1
280	740	1
280	757	1
280	773	1
280	994	1
280	1086	1
280	1194	1
280	1260	1
280	1326	1
280	1392	1
280	1528	1
280	1553	1
280	1662	1
280	1693	1
280	1752	1
280	1756	1
280	1817	1
280	1834	1
280	1902	1
280	2041	1
280	2047	1
280	2166	1
280	2177	1
306	75	1
306	105	1
306	159	1
306	335	1
306	586	1
306	707	1
306	757	1
306	994	1
306	1086	1
306	1392	1
306	1396	1
306	1817	1
306	1834	1
306	1902	1
329	75	1
329	105	1
329	159	1
329	188	1
329	204	1
329	280	1
329	368	1
329	407	1
329	591	1
329	597	1
329	675	1
329	707	1
329	740	1
329	757	1
329	773	1
329	994	1
329	1086	1
329	1194	1
329	1260	1
329	1326	1
329	1392	1
329	1528	1
329	1553	1
329	1662	1
329	1693	1
329	1752	1
329	1756	1
329	1817	1
329	1834	1
329	1902	1
329	2041	1
329	2047	1
329	2166	1
329	2177	1
335	62	1
335	64	1
335	75	1
335	105	1
335	159	1
335	163	1
335	232	1
335	238	1
335	246	1
335	265	1
335	282	1
335	306	1
335	333	1
335	379	1
335	428	1
335	586	1
335	615	1
335	707	1
335	757	1
335	806	1
335	811	1
335	853	1
335	994	1
335	1086	1
335	1276	1
335	1296	1
335	1340	1
335	1392	1
335	1396	1
335	1419	1
335	1506	1
335	1553	1
335	1710	1
335	1780	1
335	1817	1
335	1832	1
335	1834	1
335	1902	1
335	2043	1
335	2070	1
335	2151	1
335	2253	1
335	2302	1
335	2317	1
368	75	1
368	105	1
368	159	1
368	188	1
368	204	1
368	280	1
368	329	1
368	407	1
368	591	1
368	597	1
368	675	1
368	707	1
368	740	1
368	757	1
368	773	1
368	994	1
368	1086	1
368	1194	1
368	1260	1
368	1326	1
368	1392	1
368	1528	1
368	1553	1
368	1662	1
368	1693	1
368	1752	1
368	1756	1
368	1817	1
368	1834	1
368	1902	1
368	2041	1
368	2047	1
368	2166	1
368	2177	1
407	75	1
407	105	1
407	159	1
407	188	1
407	204	1
407	280	1
407	329	1
407	368	1
407	591	1
407	597	1
407	675	1
407	707	1
407	740	1
407	757	1
407	773	1
407	994	1
407	1086	1
407	1194	1
407	1260	1
407	1326	1
407	1392	1
407	1528	1
407	1553	1
407	1662	1
407	1693	1
407	1752	1
407	1756	1
407	1817	1
407	1834	1
407	1902	1
407	2041	1
407	2047	1
407	2166	1
407	2177	1
462	75	1
462	586	1
462	675	1
462	707	1
462	740	1
462	757	1
462	1106	1
462	1260	1
462	1337	1
462	1392	1
462	1553	1
462	1691	1
462	1693	1
462	1910	1
462	1964	1
462	2177	1
586	64	1
586	75	1
586	105	1
586	145	1
586	159	1
586	163	1
586	246	1
586	306	1
586	335	1
586	428	1
586	462	1
586	468	1
586	591	1
586	675	1
586	691	1
586	707	1
586	740	1
586	757	1
586	773	1
586	799	1
586	806	1
586	811	1
586	931	1
586	957	1
586	994	1
586	999	1
586	1035	1
586	1086	1
586	1106	1
586	1159	1
586	1194	1
586	1260	1
586	1296	1
586	1332	1
586	1337	1
586	1340	1
586	1392	1
586	1396	1
586	1512	1
586	1553	1
586	1691	1
586	1693	1
586	1817	1
586	1828	1
586	1832	1
586	1834	1
586	1869	1
586	1902	1
586	1910	1
586	1964	1
586	1969	1
586	2070	1
586	2137	1
586	2151	1
586	2177	1
586	2186	1
586	2302	1
597	75	1
597	105	1
597	159	1
597	188	1
597	204	1
597	238	1
597	246	1
597	280	1
597	329	1
597	368	1
597	407	1
597	591	1
597	675	1
597	707	1
597	740	1
597	757	1
597	766	1
597	773	1
597	798	1
597	994	1
597	1086	1
597	1194	1
597	1260	1
597	1270	1
597	1326	1
597	1392	1
597	1528	1
597	1553	1
597	1662	1
597	1693	1
597	1710	1
597	1752	1
597	1756	1
597	1817	1
597	1834	1
597	1902	1
597	1956	1
597	2041	1
597	2047	1
597	2054	1
597	2060	1
597	2166	1
597	2177	1
675	75	1
675	105	1
675	159	1
675	188	1
675	204	1
675	280	1
675	329	1
675	368	1
675	407	1
675	462	1
675	586	1
675	591	1
675	597	1
675	707	1
675	740	1
675	757	1
675	773	1
675	994	1
675	1086	1
675	1106	1
675	1194	1
675	1260	1
675	1326	1
675	1337	1
675	1392	1
675	1528	1
675	1553	1
675	1662	1
675	1691	1
675	1693	1
675	1752	1
675	1756	1
675	1817	1
675	1834	1
675	1902	1
675	1910	1
675	1964	1
675	2041	1
675	2047	1
675	2166	1
675	2177	1
691	75	1
691	105	1
691	159	1
691	163	1
691	586	1
691	591	1
691	707	1
691	740	1
691	757	1
691	799	1
691	811	1
691	931	1
691	994	1
691	999	1
691	1035	1
691	1086	1
691	1260	1
691	1270	1
691	1296	1
691	1332	1
691	1340	1
691	1392	1
691	1553	1
691	1693	1
691	1828	1
691	1834	1
691	1902	1
691	2038	1
691	2070	1
691	2137	1
691	2186	1
691	2302	1
707	75	1
707	105	1
707	145	1
707	159	1
707	163	1
707	188	1
707	204	1
707	280	1
707	306	1
707	329	1
707	335	1
707	368	1
707	407	1
707	428	1
707	462	1
707	468	1
707	586	1
707	591	1
707	597	1
707	675	1
707	691	1
707	740	1
707	757	1
707	773	1
707	799	1
707	806	1
707	811	1
707	931	1
707	994	1
707	999	1
707	1035	1
707	1086	1
707	1106	1
707	1159	1
707	1194	1
707	1260	1
707	1296	1
707	1326	1
707	1332	1
707	1337	1
707	1340	1
707	1392	1
707	1396	1
707	1512	1
707	1528	1
707	1553	1
707	1662	1
707	1691	1
707	1693	1
707	1752	1
707	1756	1
707	1817	1
707	1828	1
707	1832	1
707	1834	1
707	1869	1
707	1902	1
707	1910	1
707	1964	1
707	1969	1
707	2041	1
707	2047	1
707	2070	1
707	2137	1
707	2151	1
707	2166	1
707	2177	1
707	2186	1
707	2302	1
757	64	1
757	75	1
757	105	1
757	145	1
757	159	1
757	163	1
757	188	1
757	204	1
757	246	1
757	280	1
757	306	1
757	329	1
757	335	1
757	368	1
757	407	1
757	428	1
757	462	1
757	468	1
757	586	1
757	591	1
757	597	1
757	675	1
757	691	1
757	707	1
757	740	1
757	773	1
757	799	1
757	806	1
757	811	1
757	931	1
757	957	1
757	994	1
757	999	1
757	1035	1
757	1086	1
757	1106	1
757	1159	1
757	1194	1
757	1260	1
757	1296	1
757	1326	1
757	1332	1
757	1337	1
757	1340	1
757	1392	1
757	1396	1
757	1512	1
757	1528	1
757	1553	1
757	1662	1
757	1691	1
757	1693	1
757	1752	1
757	1756	1
757	1817	1
757	1828	1
757	1832	1
757	1834	1
757	1869	1
757	1902	1
757	1910	1
757	1964	1
757	1969	1
757	1980	1
757	2041	1
757	2047	1
757	2070	1
757	2137	1
757	2151	1
757	2166	1
757	2177	1
757	2186	1
757	2302	1
757	2326	1
773	75	1
773	105	1
773	159	1
773	163	1
773	188	1
773	204	1
773	280	1
773	329	1
773	368	1
773	407	1
773	428	1
773	468	1
773	586	1
773	591	1
773	597	1
773	675	1
773	684	1
773	707	1
773	740	1
773	757	1
773	994	1
773	1065	1
773	1086	1
773	1194	1
773	1260	1
773	1326	1
773	1340	1
773	1392	1
773	1512	1
773	1528	1
773	1553	1
773	1662	1
773	1693	1
773	1752	1
773	1756	1
773	1817	1
773	1828	1
773	1832	1
773	1834	1
773	1869	1
773	1902	1
773	1969	1
773	2041	1
773	2043	1
773	2047	1
773	2151	1
773	2166	1
773	2177	1
773	2186	1
773	2302	1
799	75	1
799	159	1
799	163	1
799	586	1
799	591	1
799	691	1
799	707	1
799	740	1
799	757	1
799	811	1
799	931	1
799	994	1
799	999	1
799	1035	1
799	1086	1
799	1260	1
799	1296	1
799	1332	1
799	1340	1
799	1392	1
799	1553	1
799	1828	1
799	1834	1
799	1902	1
799	2070	1
799	2137	1
799	2186	1
799	2302	1
811	64	1
811	75	1
811	159	1
811	163	1
811	181	1
811	238	1
811	246	1
811	282	1
811	319	1
811	333	1
811	335	1
811	379	1
811	398	1
811	403	1
811	428	1
811	586	1
811	591	1
811	615	1
811	691	1
811	707	1
811	740	1
811	757	1
811	799	1
811	806	1
811	853	1
811	931	1
811	994	1
811	999	1
811	1035	1
811	1086	1
811	1238	1
811	1260	1
811	1276	1
811	1296	1
811	1332	1
811	1340	1
811	1392	1
811	1419	1
811	1553	1
811	1710	1
811	1780	1
811	1828	1
811	1832	1
811	1834	1
811	1902	1
811	1908	1
811	2043	1
811	2070	1
811	2137	1
811	2151	1
811	2186	1
811	2253	1
811	2302	1
811	2317	1
931	75	1
931	159	1
931	163	1
931	586	1
931	591	1
931	691	1
931	707	1
931	740	1
931	757	1
931	799	1
931	811	1
931	994	1
931	999	1
931	1035	1
931	1086	1
931	1260	1
931	1296	1
931	1332	1
931	1340	1
931	1392	1
931	1553	1
931	1828	1
931	1834	1
931	1902	1
931	2070	1
931	2137	1
931	2186	1
931	2302	1
994	64	1
994	75	1
994	105	1
994	136	1
994	145	1
994	159	1
994	163	1
994	188	1
994	204	1
994	246	1
994	280	1
994	306	1
994	314	1
994	329	1
994	335	1
994	339	1
994	368	1
994	393	1
994	407	1
994	421	1
994	428	1
994	467	1
994	468	1
994	586	1
994	591	1
994	597	1
994	659	1
994	675	1
994	684	1
994	691	1
994	705	1
994	707	1
994	740	1
994	757	1
994	773	1
994	799	1
994	806	1
994	811	1
994	901	1
994	918	1
994	931	1
994	957	1
994	999	1
994	1035	1
994	1065	1
994	1086	1
994	1115	1
994	1140	1
994	1141	1
994	1159	1
994	1194	1
994	1260	1
994	1296	1
994	1309	1
994	1326	1
994	1332	1
994	1340	1
994	1362	1
994	1364	1
994	1392	1
994	1396	1
994	1405	1
994	1441	1
994	1455	1
994	1471	1
994	1507	1
994	1512	1
994	1528	1
994	1553	1
994	1583	1
994	1662	1
994	1689	1
994	1693	1
994	1710	1
994	1724	1
994	1730	1
994	1752	1
994	1756	1
994	1817	1
994	1828	1
994	1832	1
994	1834	1
994	1854	1
994	1869	1
994	1902	1
994	1969	1
994	2041	1
994	2043	1
994	2047	1
994	2058	1
994	2070	1
994	2137	1
994	2151	1
994	2166	1
994	2177	1
994	2186	1
994	2302	1
1035	75	1
1035	159	1
1035	163	1
1035	586	1
1035	591	1
1035	691	1
1035	707	1
1035	740	1
1035	757	1
1035	799	1
1035	811	1
1035	931	1
1035	994	1
1035	999	1
1035	1086	1
1035	1260	1
1035	1296	1
1035	1332	1
1035	1340	1
1035	1392	1
1035	1553	1
1035	1828	1
1035	1834	1
1035	1902	1
1035	2070	1
1035	2137	1
1035	2186	1
1035	2302	1
1086	62	1
1086	64	1
1086	75	1
1086	105	1
1086	145	1
1086	159	1
1086	163	1
1086	181	1
1086	188	1
1086	204	1
1086	232	1
1086	238	1
1086	246	1
1086	265	1
1086	280	1
1086	282	1
1086	306	1
1086	319	1
1086	329	1
1086	333	1
1086	335	1
1086	368	1
1086	379	1
1086	398	1
1086	403	1
1086	407	1
1086	428	1
1086	586	1
1086	591	1
1086	597	1
1086	615	1
1086	622	1
1086	675	1
1086	691	1
1086	707	1
1086	740	1
1086	757	1
1086	773	1
1086	799	1
1086	806	1
1086	811	1
1086	853	1
1086	929	1
1086	931	1
1086	994	1
1086	999	1
1086	1015	1
1086	1035	1
1086	1159	1
1086	1194	1
1086	1238	1
1086	1260	1
1086	1270	1
1086	1276	1
1086	1296	1
1086	1326	1
1086	1332	1
1086	1340	1
1086	1392	1
1086	1396	1
1086	1419	1
1086	1506	1
1086	1514	1
1086	1528	1
1086	1553	1
1086	1662	1
1086	1693	1
1086	1710	1
1086	1752	1
1086	1756	1
1086	1780	1
1086	1817	1
1086	1828	1
1086	1832	1
1086	1834	1
1086	1873	1
1086	1902	1
1086	1908	1
1086	1980	1
1086	2038	1
1086	2041	1
1086	2043	1
1086	2047	1
1086	2070	1
1086	2137	1
1086	2151	1
1086	2166	1
1086	2177	1
1086	2186	1
1086	2253	1
1086	2302	1
1086	2317	1
1086	2326	1
1194	75	1
1194	105	1
1194	159	1
1194	163	1
1194	188	1
1194	204	1
1194	280	1
1194	329	1
1194	368	1
1194	407	1
1194	428	1
1194	468	1
1194	586	1
1194	591	1
1194	597	1
1194	675	1
1194	707	1
1194	740	1
1194	757	1
1194	773	1
1194	994	1
1194	1086	1
1194	1260	1
1194	1326	1
1194	1340	1
1194	1392	1
1194	1512	1
1194	1528	1
1194	1553	1
1194	1662	1
1194	1693	1
1194	1710	1
1194	1752	1
1194	1756	1
1194	1817	1
1194	1828	1
1194	1834	1
1194	1869	1
1194	1902	1
1194	1969	1
1194	2041	1
1194	2047	1
1194	2070	1
1194	2151	1
1194	2166	1
1194	2177	1
1194	2186	1
1194	2302	1
1260	75	1
1260	105	1
1260	159	1
1260	163	1
1260	188	1
1260	204	1
1260	280	1
1260	329	1
1260	368	1
1260	407	1
1260	462	1
1260	586	1
1260	591	1
1260	597	1
1260	675	1
1260	691	1
1260	707	1
1260	740	1
1260	757	1
1260	773	1
1260	799	1
1260	811	1
1260	931	1
1260	994	1
1260	999	1
1260	1035	1
1260	1086	1
1260	1106	1
1260	1194	1
1260	1270	1
1260	1296	1
1260	1326	1
1260	1332	1
1260	1337	1
1260	1340	1
1260	1392	1
1260	1528	1
1260	1553	1
1260	1662	1
1260	1691	1
1260	1693	1
1260	1752	1
1260	1756	1
1260	1817	1
1260	1828	1
1260	1834	1
1260	1902	1
1260	1910	1
1260	1964	1
1260	2038	1
1260	2041	1
1260	2047	1
1260	2070	1
1260	2137	1
1260	2166	1
1260	2177	1
1260	2186	1
1260	2302	1
1296	64	1
1296	75	1
1296	159	1
1296	163	1
1296	238	1
1296	246	1
1296	282	1
1296	335	1
1296	379	1
1296	428	1
1296	586	1
1296	591	1
1296	615	1
1296	691	1
1296	707	1
1296	740	1
1296	757	1
1296	799	1
1296	806	1
1296	811	1
1296	853	1
1296	931	1
1296	994	1
1296	999	1
1296	1035	1
1296	1086	1
1296	1260	1
1296	1276	1
1296	1332	1
1296	1340	1
1296	1392	1
1296	1419	1
1296	1514	1
1296	1553	1
1296	1710	1
1296	1780	1
1296	1828	1
1296	1832	1
1296	1834	1
1296	1902	1
1296	1908	1
1296	2043	1
1296	2070	1
1296	2137	1
1296	2151	1
1296	2186	1
1296	2253	1
1296	2302	1
1296	2317	1
1326	75	1
1326	105	1
1326	159	1
1326	188	1
1326	204	1
1326	280	1
1326	329	1
1326	368	1
1326	407	1
1326	591	1
1326	597	1
1326	675	1
1326	707	1
1326	740	1
1326	757	1
1326	773	1
1326	994	1
1326	1086	1
1326	1194	1
1326	1260	1
1326	1392	1
1326	1528	1
1326	1553	1
1326	1662	1
1326	1693	1
1326	1752	1
1326	1756	1
1326	1817	1
1326	1834	1
1326	1902	1
1326	2041	1
1326	2047	1
1326	2166	1
1326	2177	1
1332	75	1
1332	159	1
1332	163	1
1332	586	1
1332	591	1
1332	691	1
1332	707	1
1332	740	1
1332	757	1
1332	799	1
1332	811	1
1332	931	1
1332	994	1
1332	999	1
1332	1035	1
1332	1086	1
1332	1260	1
1332	1296	1
1332	1340	1
1332	1392	1
1332	1553	1
1332	1828	1
1332	1834	1
1332	1902	1
1332	2070	1
1332	2137	1
1332	2186	1
1332	2302	1
1337	75	1
1337	462	1
1337	586	1
1337	675	1
1337	707	1
1337	740	1
1337	757	1
1337	1106	1
1337	1260	1
1337	1392	1
1337	1553	1
1337	1691	1
1337	1693	1
1337	1910	1
1337	1964	1
1337	2177	1
1340	62	1
1340	64	1
1340	75	1
1340	105	1
1340	159	1
1340	163	1
1340	232	1
1340	238	1
1340	246	1
1340	265	1
1340	282	1
1340	333	1
1340	335	1
1340	379	1
1340	428	1
1340	468	1
1340	586	1
1340	591	1
1340	615	1
1340	691	1
1340	707	1
1340	740	1
1340	757	1
1340	773	1
1340	799	1
1340	806	1
1340	811	1
1340	853	1
1340	929	1
1340	931	1
1340	994	1
1340	999	1
1340	1035	1
1340	1086	1
1340	1194	1
1340	1260	1
1340	1276	1
1340	1296	1
1340	1332	1
1340	1392	1
1340	1419	1
1340	1506	1
1340	1512	1
1340	1553	1
1340	1710	1
1340	1780	1
1340	1828	1
1340	1832	1
1340	1834	1
1340	1869	1
1340	1902	1
1340	1969	1
1340	2043	1
1340	2070	1
1340	2137	1
1340	2151	1
1340	2186	1
1340	2253	1
1340	2302	1
1340	2317	1
1392	75	1
1392	105	1
1392	159	1
1392	163	1
1392	188	1
1392	204	1
1392	280	1
1392	306	1
1392	329	1
1392	335	1
1392	368	1
1392	407	1
1392	428	1
1392	462	1
1392	468	1
1392	586	1
1392	591	1
1392	597	1
1392	675	1
1392	691	1
1392	707	1
1392	740	1
1392	757	1
1392	773	1
1392	799	1
1392	811	1
1392	931	1
1392	994	1
1392	999	1
1392	1035	1
1392	1086	1
1392	1106	1
1392	1194	1
1392	1260	1
1392	1270	1
1392	1296	1
1392	1326	1
1392	1332	1
1392	1337	1
1392	1340	1
1392	1396	1
1392	1398	1
1392	1512	1
1392	1528	1
1392	1553	1
1392	1662	1
1392	1691	1
1392	1693	1
1392	1752	1
1392	1756	1
1392	1817	1
1392	1828	1
1392	1834	1
1392	1869	1
1392	1902	1
1392	1910	1
1392	1964	1
1392	1969	1
1392	2038	1
1392	2041	1
1392	2047	1
1392	2070	1
1392	2137	1
1392	2151	1
1392	2166	1
1392	2177	1
1392	2186	1
1392	2302	1
1398	75	1
1398	1392	1
1398	1553	1
1398	1902	1
1398	2302	1
1528	75	1
1528	105	1
1528	159	1
1528	188	1
1528	204	1
1528	280	1
1528	329	1
1528	368	1
1528	407	1
1528	591	1
1528	597	1
1528	675	1
1528	707	1
1528	740	1
1528	757	1
1528	773	1
1528	994	1
1528	1086	1
1528	1194	1
1528	1260	1
1528	1326	1
1528	1392	1
1528	1553	1
1528	1662	1
1528	1693	1
1528	1752	1
1528	1756	1
1528	1817	1
1528	1834	1
1528	1902	1
1528	2041	1
1528	2047	1
1528	2166	1
1528	2177	1
1553	62	1
1553	64	1
1553	75	1
1553	105	1
1553	145	1
1553	159	1
1553	163	1
1553	181	1
1553	188	1
1553	204	1
1553	232	1
1553	238	1
1553	246	1
1553	265	1
1553	280	1
1553	282	1
1553	319	1
1553	329	1
1553	333	1
1553	335	1
1553	368	1
1553	379	1
1553	398	1
1553	403	1
1553	407	1
1553	428	1
1553	462	1
1553	468	1
1553	586	1
1553	591	1
1553	597	1
1553	615	1
1553	622	1
1553	642	1
1553	675	1
1553	684	1
1553	691	1
1553	707	1
1553	740	1
1553	757	1
1553	766	1
1553	773	1
1553	798	1
1553	799	1
1553	806	1
1553	811	1
1553	853	1
1553	929	1
1553	931	1
1553	957	1
1553	994	1
1553	999	1
1553	1015	1
1553	1035	1
1553	1065	1
1553	1086	1
1553	1106	1
1553	1159	1
1553	1194	1
1553	1238	1
1553	1260	1
1553	1270	1
1553	1276	1
1553	1296	1
1553	1326	1
1553	1332	1
1553	1337	1
1553	1340	1
1553	1392	1
1553	1398	1
1553	1419	1
1553	1506	1
1553	1512	1
1553	1514	1
1553	1528	1
1553	1662	1
1553	1691	1
1553	1693	1
1553	1710	1
1553	1752	1
1553	1756	1
1553	1780	1
1553	1817	1
1553	1828	1
1553	1832	1
1553	1834	1
1553	1869	1
1553	1873	1
1553	1902	1
1553	1908	1
1553	1910	1
1553	1956	1
1553	1964	1
1553	1969	1
1553	1980	1
1553	2038	1
1553	2041	1
1553	2043	1
1553	2047	1
1553	2054	1
1553	2060	1
1553	2070	1
1553	2137	1
1553	2151	1
1553	2166	1
1553	2177	1
1553	2186	1
1553	2253	1
1553	2302	1
1553	2317	1
1553	2326	1
1662	75	1
1662	105	1
1662	159	1
1662	188	1
1662	204	1
1662	280	1
1662	329	1
1662	368	1
1662	407	1
1662	591	1
1662	597	1
1662	675	1
1662	707	1
1662	740	1
1662	757	1
1662	773	1
1662	994	1
1662	1086	1
1662	1194	1
1662	1260	1
1662	1326	1
1662	1392	1
1662	1528	1
1662	1553	1
1662	1693	1
1662	1752	1
1662	1756	1
1662	1817	1
1662	1834	1
1662	1902	1
1662	2041	1
1662	2047	1
1662	2166	1
1662	2177	1
1752	75	1
1752	105	1
1752	159	1
1752	188	1
1752	204	1
1752	280	1
1752	329	1
1752	368	1
1752	407	1
1752	591	1
1752	597	1
1752	675	1
1752	707	1
1752	740	1
1752	757	1
1752	773	1
1752	994	1
1752	1086	1
1752	1194	1
1752	1260	1
1752	1326	1
1752	1392	1
1752	1528	1
1752	1553	1
1752	1662	1
1752	1693	1
1752	1756	1
1752	1817	1
1752	1834	1
1752	1902	1
1752	2041	1
1752	2047	1
1752	2166	1
1752	2177	1
1756	75	1
1756	105	1
1756	159	1
1756	188	1
1756	204	1
1756	280	1
1756	329	1
1756	368	1
1756	407	1
1756	591	1
1756	597	1
1756	675	1
1756	707	1
1756	740	1
1756	757	1
1756	773	1
1756	994	1
1756	1086	1
1756	1194	1
1756	1260	1
1756	1326	1
1756	1392	1
1756	1528	1
1756	1553	1
1756	1662	1
1756	1693	1
1756	1752	1
1756	1817	1
1756	1834	1
1756	1902	1
1756	2041	1
1756	2047	1
1756	2166	1
1756	2177	1
1817	75	1
1817	105	1
1817	159	1
1817	163	1
1817	188	1
1817	204	1
1817	280	1
1817	306	1
1817	329	1
1817	335	1
1817	368	1
1817	407	1
1817	428	1
1817	586	1
1817	591	1
1817	597	1
1817	675	1
1817	707	1
1817	740	1
1817	757	1
1817	773	1
1817	994	1
1817	1086	1
1817	1194	1
1817	1260	1
1817	1326	1
1817	1392	1
1817	1396	1
1817	1528	1
1817	1553	1
1817	1662	1
1817	1693	1
1817	1752	1
1817	1756	1
1817	1834	1
1817	1902	1
1817	2041	1
1817	2047	1
1817	2166	1
1817	2177	1
1964	75	1
1964	462	1
1964	586	1
1964	675	1
1964	707	1
1964	740	1
1964	757	1
1964	1106	1
1964	1260	1
1964	1337	1
1964	1392	1
1964	1553	1
1964	1691	1
1964	1693	1
1964	1910	1
1964	2177	1
2041	75	1
2041	105	1
2041	159	1
2041	188	1
2041	204	1
2041	280	1
2041	329	1
2041	368	1
2041	407	1
2041	591	1
2041	597	1
2041	675	1
2041	707	1
2041	740	1
2041	757	1
2041	773	1
2041	994	1
2041	1086	1
2041	1194	1
2041	1260	1
2041	1326	1
2041	1392	1
2041	1528	1
2041	1553	1
2041	1662	1
2041	1693	1
2041	1752	1
2041	1756	1
2041	1817	1
2041	1834	1
2041	1902	1
2041	2047	1
2041	2166	1
2041	2177	1
2047	75	1
2047	105	1
2047	159	1
2047	188	1
2047	204	1
2047	280	1
2047	329	1
2047	368	1
2047	407	1
2047	591	1
2047	597	1
2047	675	1
2047	707	1
2047	740	1
2047	757	1
2047	773	1
2047	994	1
2047	1086	1
2047	1194	1
2047	1260	1
2047	1326	1
2047	1392	1
2047	1528	1
2047	1553	1
2047	1662	1
2047	1693	1
2047	1752	1
2047	1756	1
2047	1817	1
2047	1834	1
2047	1902	1
2047	2041	1
2047	2166	1
2047	2177	1
2070	62	1
2070	64	1
2070	75	1
2070	105	1
2070	136	1
2070	145	1
2070	155	1
2070	159	1
2070	163	1
2070	232	1
2070	238	1
2070	246	1
2070	265	1
2070	333	1
2070	335	1
2070	378	1
2070	400	1
2070	402	1
2070	428	1
2070	586	1
2070	591	1
2070	622	1
2070	663	1
2070	667	1
2070	691	1
2070	707	1
2070	709	1
2070	740	1
2070	757	1
2070	799	1
2070	806	1
2070	811	1
2070	860	1
2070	929	1
2070	931	1
2070	994	1
2070	999	1
2070	1015	1
2070	1035	1
2070	1086	1
2070	1159	1
2070	1194	1
2070	1229	1
2070	1260	1
2070	1270	1
2070	1276	1
2070	1296	1
2070	1332	1
2070	1340	1
2070	1392	1
2070	1419	1
2070	1506	1
2070	1514	1
2070	1553	1
2070	1658	1
2070	1693	1
2070	1710	1
2070	1780	1
2070	1828	1
2070	1832	1
2070	1834	1
2070	1873	1
2070	1902	1
2070	1908	1
2070	1980	1
2070	2038	1
2070	2043	1
2070	2137	1
2070	2151	1
2070	2184	1
2070	2186	1
2070	2253	1
2070	2302	1
2070	2317	1
2070	2326	1
2070	2344	1
2166	75	1
2166	105	1
2166	159	1
2166	188	1
2166	204	1
2166	280	1
2166	329	1
2166	368	1
2166	407	1
2166	591	1
2166	597	1
2166	675	1
2166	707	1
2166	740	1
2166	757	1
2166	773	1
2166	994	1
2166	1086	1
2166	1194	1
2166	1260	1
2166	1326	1
2166	1392	1
2166	1528	1
2166	1553	1
2166	1662	1
2166	1693	1
2166	1752	1
2166	1756	1
2166	1817	1
2166	1834	1
2166	1902	1
2166	2041	1
2166	2047	1
2166	2177	1
2177	75	1
2177	105	1
2177	159	1
2177	188	1
2177	204	1
2177	280	1
2177	329	1
2177	368	1
2177	407	1
2177	462	1
2177	586	1
2177	591	1
2177	597	1
2177	675	1
2177	707	1
2177	740	1
2177	757	1
2177	773	1
2177	994	1
2177	1086	1
2177	1106	1
2177	1194	1
2177	1260	1
2177	1326	1
2177	1337	1
2177	1392	1
2177	1528	1
2177	1553	1
2177	1662	1
2177	1691	1
2177	1693	1
2177	1752	1
2177	1756	1
2177	1817	1
2177	1834	1
2177	1902	1
2177	1910	1
2177	1964	1
2177	2041	1
2177	2047	1
2177	2166	1
2186	64	1
2186	75	1
2186	105	1
2186	159	1
2186	163	1
2186	181	1
2186	319	1
2186	333	1
2186	398	1
2186	403	1
2186	428	1
2186	468	1
2186	586	1
2186	591	1
2186	691	1
2186	707	1
2186	740	1
2186	757	1
2186	773	1
2186	799	1
2186	811	1
2186	931	1
2186	994	1
2186	999	1
2186	1035	1
2186	1086	1
2186	1194	1
2186	1238	1
2186	1260	1
2186	1296	1
2186	1332	1
2186	1340	1
2186	1392	1
2186	1512	1
2186	1553	1
2186	1780	1
2186	1828	1
2186	1832	1
2186	1834	1
2186	1869	1
2186	1902	1
2186	1908	1
2186	1969	1
2186	2043	1
2186	2070	1
2186	2137	1
2186	2151	1
2186	2302	1
2302	64	1
2302	75	1
2302	105	1
2302	159	1
2302	163	1
2302	181	1
2302	238	1
2302	246	1
2302	282	1
2302	319	1
2302	333	1
2302	335	1
2302	379	1
2302	398	1
2302	403	1
2302	428	1
2302	468	1
2302	586	1
2302	591	1
2302	615	1
2302	691	1
2302	707	1
2302	740	1
2302	757	1
2302	773	1
2302	799	1
2302	806	1
2302	811	1
2302	853	1
2302	929	1
2302	931	1
2302	994	1
2302	999	1
2302	1035	1
2302	1086	1
2302	1194	1
2302	1238	1
2302	1260	1
2302	1276	1
2302	1296	1
2302	1332	1
2302	1340	1
2302	1392	1
2302	1398	1
2302	1419	1
2302	1512	1
2302	1514	1
2302	1553	1
2302	1710	1
2302	1780	1
2302	1828	1
2302	1832	1
2302	1834	1
2302	1869	1
2302	1902	1
2302	1908	1
2302	1969	1
2302	2043	1
2302	2070	1
2302	2137	1
2302	2151	1
2302	2186	1
2302	2253	1
2302	2317	1
136	105	1
136	145	1
136	155	1
136	159	1
136	314	1
136	339	1
136	378	1
136	393	1
136	400	1
136	402	1
136	421	1
136	663	1
136	667	1
136	705	1
136	709	1
136	860	1
136	901	1
136	918	1
136	994	1
136	1115	1
136	1140	1
136	1141	1
136	1229	1
136	1309	1
136	1362	1
136	1364	1
136	1441	1
136	1455	1
136	1471	1
136	1507	1
136	1583	1
136	1658	1
136	1724	1
136	1730	1
136	1834	1
136	1854	1
136	2058	1
136	2070	1
136	2137	1
136	2184	1
136	2344	1
145	105	1
145	136	1
145	159	1
145	314	1
145	339	1
145	393	1
145	421	1
145	586	1
145	705	1
145	707	1
145	757	1
145	806	1
145	901	1
145	918	1
145	957	1
145	994	1
145	1086	1
145	1115	1
145	1140	1
145	1141	1
145	1159	1
145	1309	1
145	1362	1
145	1364	1
145	1441	1
145	1455	1
145	1471	1
145	1507	1
145	1553	1
145	1583	1
145	1724	1
145	1730	1
145	1828	1
145	1832	1
145	1834	1
145	1854	1
145	2058	1
145	2070	1
145	2137	1
145	2151	1
314	105	1
314	136	1
314	145	1
314	159	1
314	339	1
314	393	1
314	421	1
314	705	1
314	901	1
314	918	1
314	994	1
314	1115	1
314	1140	1
314	1141	1
314	1309	1
314	1362	1
314	1364	1
314	1441	1
314	1455	1
314	1471	1
314	1507	1
314	1583	1
314	1724	1
314	1730	1
314	1834	1
314	1854	1
314	2058	1
314	2137	1
339	105	1
339	136	1
339	145	1
339	159	1
339	314	1
339	393	1
339	421	1
339	705	1
339	901	1
339	918	1
339	994	1
339	1115	1
339	1140	1
339	1141	1
339	1309	1
339	1362	1
339	1364	1
339	1441	1
339	1455	1
339	1471	1
339	1507	1
339	1583	1
339	1724	1
339	1730	1
339	1834	1
339	1854	1
339	2058	1
339	2137	1
393	105	1
393	136	1
393	145	1
393	159	1
393	314	1
393	339	1
393	421	1
393	705	1
393	901	1
393	918	1
393	994	1
393	1115	1
393	1140	1
393	1141	1
393	1309	1
393	1362	1
393	1364	1
393	1441	1
393	1455	1
393	1471	1
393	1507	1
393	1583	1
393	1724	1
393	1730	1
393	1834	1
393	1854	1
393	2058	1
393	2137	1
421	105	1
421	136	1
421	145	1
421	159	1
421	314	1
421	339	1
421	393	1
421	705	1
421	901	1
421	918	1
421	994	1
421	1115	1
421	1140	1
421	1141	1
421	1309	1
421	1362	1
421	1364	1
421	1441	1
421	1455	1
421	1471	1
421	1507	1
421	1583	1
421	1724	1
421	1730	1
421	1834	1
421	1854	1
421	2058	1
421	2137	1
428	64	1
428	105	1
428	163	1
428	238	1
428	246	1
428	282	1
428	335	1
428	379	1
428	468	1
428	586	1
428	615	1
428	707	1
428	757	1
428	773	1
428	806	1
428	811	1
428	853	1
428	994	1
428	1086	1
428	1194	1
428	1276	1
428	1296	1
428	1340	1
428	1392	1
428	1419	1
428	1512	1
428	1553	1
428	1710	1
428	1780	1
428	1817	1
428	1828	1
428	1832	1
428	1834	1
428	1869	1
428	1902	1
428	1969	1
428	2043	1
428	2070	1
428	2151	1
428	2186	1
428	2253	1
428	2302	1
428	2317	1
468	105	1
468	163	1
468	428	1
468	586	1
468	707	1
468	757	1
468	773	1
468	994	1
468	1194	1
468	1340	1
468	1392	1
468	1512	1
468	1553	1
468	1828	1
468	1834	1
468	1869	1
468	1902	1
468	1969	1
468	2151	1
468	2186	1
468	2302	1
705	105	1
705	136	1
705	145	1
705	159	1
705	314	1
705	339	1
705	393	1
705	421	1
705	901	1
705	918	1
705	994	1
705	1115	1
705	1140	1
705	1141	1
705	1309	1
705	1362	1
705	1364	1
705	1441	1
705	1455	1
705	1471	1
705	1507	1
705	1583	1
705	1724	1
705	1730	1
705	1834	1
705	1854	1
705	2058	1
705	2137	1
806	62	1
806	64	1
806	105	1
806	145	1
806	232	1
806	238	1
806	246	1
806	265	1
806	282	1
806	333	1
806	335	1
806	379	1
806	428	1
806	586	1
806	615	1
806	707	1
806	757	1
806	811	1
806	853	1
806	929	1
806	994	1
806	1086	1
806	1159	1
806	1276	1
806	1296	1
806	1340	1
806	1419	1
806	1506	1
806	1553	1
806	1710	1
806	1780	1
806	1828	1
806	1832	1
806	1834	1
806	2043	1
806	2070	1
806	2151	1
806	2253	1
806	2302	1
806	2317	1
901	105	1
901	136	1
901	145	1
901	159	1
901	314	1
901	339	1
901	393	1
901	421	1
901	705	1
901	918	1
901	994	1
901	1115	1
901	1140	1
901	1141	1
901	1309	1
901	1362	1
901	1364	1
901	1441	1
901	1455	1
901	1471	1
901	1507	1
901	1583	1
901	1724	1
901	1730	1
901	1834	1
901	1854	1
901	2058	1
901	2137	1
918	105	1
918	136	1
918	145	1
918	159	1
918	314	1
918	339	1
918	393	1
918	421	1
918	705	1
918	901	1
918	994	1
918	1115	1
918	1140	1
918	1141	1
918	1309	1
918	1362	1
918	1364	1
918	1441	1
918	1455	1
918	1471	1
918	1507	1
918	1583	1
918	1724	1
918	1730	1
918	1834	1
918	1854	1
918	2058	1
918	2137	1
1115	105	1
1115	136	1
1115	145	1
1115	159	1
1115	314	1
1115	339	1
1115	393	1
1115	421	1
1115	705	1
1115	901	1
1115	918	1
1115	994	1
1115	1140	1
1115	1141	1
1115	1309	1
1115	1362	1
1115	1364	1
1115	1441	1
1115	1455	1
1115	1471	1
1115	1507	1
1115	1583	1
1115	1724	1
1115	1730	1
1115	1834	1
1115	1854	1
1115	2058	1
1115	2137	1
1140	105	1
1140	136	1
1140	145	1
1140	159	1
1140	314	1
1140	339	1
1140	393	1
1140	421	1
1140	705	1
1140	901	1
1140	918	1
1140	994	1
1140	1115	1
1140	1141	1
1140	1309	1
1140	1362	1
1140	1364	1
1140	1441	1
1140	1455	1
1140	1471	1
1140	1507	1
1140	1583	1
1140	1724	1
1140	1730	1
1140	1834	1
1140	1854	1
1140	2058	1
1140	2137	1
1141	105	1
1141	136	1
1141	145	1
1141	159	1
1141	314	1
1141	339	1
1141	393	1
1141	421	1
1141	705	1
1141	901	1
1141	918	1
1141	994	1
1141	1115	1
1141	1140	1
1141	1309	1
1141	1362	1
1141	1364	1
1141	1441	1
1141	1455	1
1141	1471	1
1141	1507	1
1141	1583	1
1141	1724	1
1141	1730	1
1141	1834	1
1141	1854	1
1141	2058	1
1141	2137	1
1159	105	1
1159	145	1
1159	586	1
1159	707	1
1159	757	1
1159	806	1
1159	957	1
1159	994	1
1159	1086	1
1159	1553	1
1159	1828	1
1159	1832	1
1159	1834	1
1159	2070	1
1159	2151	1
1270	105	1
1270	238	1
1270	246	1
1270	597	1
1270	691	1
1270	766	1
1270	798	1
1270	1086	1
1270	1260	1
1270	1392	1
1270	1553	1
1270	1693	1
1270	1710	1
1270	1902	1
1270	1956	1
1270	2038	1
1270	2054	1
1270	2060	1
1270	2070	1
1309	105	1
1309	136	1
1309	145	1
1309	159	1
1309	314	1
1309	339	1
1309	393	1
1309	421	1
1309	705	1
1309	901	1
1309	918	1
1309	994	1
1309	1115	1
1309	1140	1
1309	1141	1
1309	1362	1
1309	1364	1
1309	1441	1
1309	1455	1
1309	1471	1
1309	1507	1
1309	1583	1
1309	1724	1
1309	1730	1
1309	1834	1
1309	1854	1
1309	2058	1
1309	2137	1
1362	105	1
1362	136	1
1362	145	1
1362	159	1
1362	314	1
1362	339	1
1362	393	1
1362	421	1
1362	705	1
1362	901	1
1362	918	1
1362	994	1
1362	1115	1
1362	1140	1
1362	1141	1
1362	1309	1
1362	1364	1
1362	1441	1
1362	1455	1
1362	1471	1
1362	1507	1
1362	1583	1
1362	1724	1
1362	1730	1
1362	1834	1
1362	1854	1
1362	2058	1
1362	2137	1
1364	105	1
1364	136	1
1364	145	1
1364	159	1
1364	314	1
1364	339	1
1364	393	1
1364	421	1
1364	705	1
1364	901	1
1364	918	1
1364	994	1
1364	1115	1
1364	1140	1
1364	1141	1
1364	1309	1
1364	1362	1
1364	1441	1
1364	1455	1
1364	1471	1
1364	1507	1
1364	1583	1
1364	1724	1
1364	1730	1
1364	1834	1
1364	1854	1
1364	2058	1
1364	2137	1
1441	105	1
1441	136	1
1441	145	1
1441	159	1
1441	314	1
1441	339	1
1441	393	1
1441	421	1
1441	705	1
1441	901	1
1441	918	1
1441	994	1
1441	1115	1
1441	1140	1
1441	1141	1
1441	1309	1
1441	1362	1
1441	1364	1
1441	1455	1
1441	1471	1
1441	1507	1
1441	1583	1
1441	1724	1
1441	1730	1
1441	1834	1
1441	1854	1
1441	2058	1
1441	2137	1
1455	105	1
1455	136	1
1455	145	1
1455	159	1
1455	314	1
1455	339	1
1455	393	1
1455	421	1
1455	705	1
1455	901	1
1455	918	1
1455	994	1
1455	1115	1
1455	1140	1
1455	1141	1
1455	1309	1
1455	1362	1
1455	1364	1
1455	1441	1
1455	1471	1
1455	1507	1
1455	1583	1
1455	1724	1
1455	1730	1
1455	1834	1
1455	1854	1
1455	2058	1
1455	2137	1
1471	105	1
1471	136	1
1471	145	1
1471	159	1
1471	314	1
1471	339	1
1471	393	1
1471	421	1
1471	705	1
1471	901	1
1471	918	1
1471	994	1
1471	1115	1
1471	1140	1
1471	1141	1
1471	1309	1
1471	1362	1
1471	1364	1
1471	1441	1
1471	1455	1
1471	1507	1
1471	1583	1
1471	1724	1
1471	1730	1
1471	1834	1
1471	1854	1
1471	2058	1
1471	2137	1
1507	105	1
1507	136	1
1507	145	1
1507	159	1
1507	314	1
1507	339	1
1507	393	1
1507	421	1
1507	705	1
1507	901	1
1507	918	1
1507	994	1
1507	1115	1
1507	1140	1
1507	1141	1
1507	1309	1
1507	1362	1
1507	1364	1
1507	1441	1
1507	1455	1
1507	1471	1
1507	1583	1
1507	1724	1
1507	1730	1
1507	1834	1
1507	1854	1
1507	2058	1
1507	2137	1
1512	105	1
1512	163	1
1512	428	1
1512	468	1
1512	586	1
1512	707	1
1512	757	1
1512	773	1
1512	994	1
1512	1194	1
1512	1340	1
1512	1392	1
1512	1553	1
1512	1828	1
1512	1834	1
1512	1869	1
1512	1902	1
1512	1969	1
1512	2151	1
1512	2186	1
1512	2302	1
1583	105	1
1583	136	1
1583	145	1
1583	159	1
1583	314	1
1583	339	1
1583	393	1
1583	421	1
1583	705	1
1583	901	1
1583	918	1
1583	994	1
1583	1115	1
1583	1140	1
1583	1141	1
1583	1309	1
1583	1362	1
1583	1364	1
1583	1441	1
1583	1455	1
1583	1471	1
1583	1507	1
1583	1724	1
1583	1730	1
1583	1834	1
1583	1854	1
1583	2058	1
1583	2137	1
1710	64	1
1710	105	1
1710	159	1
1710	238	1
1710	246	1
1710	282	1
1710	335	1
1710	379	1
1710	428	1
1710	591	1
1710	597	1
1710	615	1
1710	766	1
1710	798	1
1710	806	1
1710	811	1
1710	853	1
1710	994	1
1710	1086	1
1710	1194	1
1710	1270	1
1710	1276	1
1710	1296	1
1710	1340	1
1710	1419	1
1710	1514	1
1710	1553	1
1710	1780	1
1710	1832	1
1710	1834	1
1710	1908	1
1710	1956	1
1710	2043	1
1710	2054	1
1710	2060	1
1710	2070	1
1710	2151	1
1710	2253	1
1710	2302	1
1710	2317	1
1724	105	1
1724	136	1
1724	145	1
1724	159	1
1724	314	1
1724	339	1
1724	393	1
1724	421	1
1724	705	1
1724	901	1
1724	918	1
1724	994	1
1724	1115	1
1724	1140	1
1724	1141	1
1724	1309	1
1724	1362	1
1724	1364	1
1724	1441	1
1724	1455	1
1724	1471	1
1724	1507	1
1724	1583	1
1724	1730	1
1724	1834	1
1724	1854	1
1724	2058	1
1724	2137	1
1730	105	1
1730	136	1
1730	145	1
1730	159	1
1730	314	1
1730	339	1
1730	393	1
1730	421	1
1730	705	1
1730	901	1
1730	918	1
1730	994	1
1730	1115	1
1730	1140	1
1730	1141	1
1730	1309	1
1730	1362	1
1730	1364	1
1730	1441	1
1730	1455	1
1730	1471	1
1730	1507	1
1730	1583	1
1730	1724	1
1730	1834	1
1730	1854	1
1730	2058	1
1730	2137	1
1832	62	1
1832	64	1
1832	105	1
1832	145	1
1832	181	1
1832	232	1
1832	238	1
1832	246	1
1832	265	1
1832	319	1
1832	333	1
1832	335	1
1832	398	1
1832	403	1
1832	428	1
1832	586	1
1832	684	1
1832	707	1
1832	757	1
1832	773	1
1832	806	1
1832	811	1
1832	929	1
1832	994	1
1832	1065	1
1832	1086	1
1832	1159	1
1832	1238	1
1832	1276	1
1832	1296	1
1832	1340	1
1832	1419	1
1832	1506	1
1832	1553	1
1832	1710	1
1832	1780	1
1832	1828	1
1832	1834	1
1832	1908	1
1832	2043	1
1832	2070	1
1832	2151	1
1832	2186	1
1832	2253	1
1832	2302	1
1832	2317	1
1854	105	1
1854	136	1
1854	145	1
1854	159	1
1854	314	1
1854	339	1
1854	393	1
1854	421	1
1854	705	1
1854	901	1
1854	918	1
1854	994	1
1854	1115	1
1854	1140	1
1854	1141	1
1854	1309	1
1854	1362	1
1854	1364	1
1854	1441	1
1854	1455	1
1854	1471	1
1854	1507	1
1854	1583	1
1854	1724	1
1854	1730	1
1854	1834	1
1854	2058	1
1854	2137	1
1869	105	1
1869	163	1
1869	428	1
1869	468	1
1869	586	1
1869	707	1
1869	757	1
1869	773	1
1869	994	1
1869	1194	1
1869	1340	1
1869	1392	1
1869	1512	1
1869	1553	1
1869	1828	1
1869	1834	1
1869	1902	1
1869	1969	1
1869	2151	1
1869	2186	1
1869	2302	1
1969	105	1
1969	163	1
1969	428	1
1969	468	1
1969	586	1
1969	707	1
1969	757	1
1969	773	1
1969	994	1
1969	1194	1
1969	1340	1
1969	1392	1
1969	1512	1
1969	1553	1
1969	1828	1
1969	1834	1
1969	1869	1
1969	1902	1
1969	2151	1
1969	2186	1
1969	2302	1
1980	105	1
1980	757	1
1980	1086	1
1980	1553	1
1980	2070	1
1980	2326	1
2038	105	1
2038	691	1
2038	1086	1
2038	1260	1
2038	1270	1
2038	1392	1
2038	1553	1
2038	1693	1
2038	1902	1
2038	2070	1
2058	105	1
2058	136	1
2058	145	1
2058	159	1
2058	314	1
2058	339	1
2058	393	1
2058	421	1
2058	705	1
2058	901	1
2058	918	1
2058	994	1
2058	1115	1
2058	1140	1
2058	1141	1
2058	1309	1
2058	1362	1
2058	1364	1
2058	1441	1
2058	1455	1
2058	1471	1
2058	1507	1
2058	1583	1
2058	1724	1
2058	1730	1
2058	1834	1
2058	1854	1
2058	2137	1
2151	64	1
2151	105	1
2151	145	1
2151	163	1
2151	238	1
2151	246	1
2151	335	1
2151	428	1
2151	468	1
2151	586	1
2151	707	1
2151	757	1
2151	773	1
2151	806	1
2151	811	1
2151	994	1
2151	1086	1
2151	1159	1
2151	1194	1
2151	1276	1
2151	1296	1
2151	1340	1
2151	1392	1
2151	1419	1
2151	1512	1
2151	1514	1
2151	1553	1
2151	1710	1
2151	1780	1
2151	1828	1
2151	1832	1
2151	1834	1
2151	1869	1
2151	1902	1
2151	1908	1
2151	1969	1
2151	2043	1
2151	2070	1
2151	2186	1
2151	2253	1
2151	2302	1
2151	2317	1
2326	105	1
2326	757	1
2326	1086	1
2326	1553	1
2326	1980	1
2326	2070	1
467	159	1
467	591	1
467	659	1
467	994	1
467	1405	1
467	1689	1
467	1834	1
622	159	1
622	1015	1
622	1086	1
622	1553	1
622	1873	1
622	2070	1
659	159	1
659	467	1
659	591	1
659	994	1
659	1405	1
659	1689	1
659	1834	1
1405	159	1
1405	467	1
1405	591	1
1405	659	1
1405	994	1
1405	1689	1
1405	1834	1
1689	159	1
1689	467	1
1689	591	1
1689	659	1
1689	994	1
1689	1405	1
1689	1834	1
30	118	1
30	543	1
30	802	1
30	951	1
30	1011	1
30	1084	1
30	1087	1
30	1355	1
30	1416	1
30	1418	1
30	1691	1
30	1828	1
30	1952	1
30	2192	1
30	2233	1
55	415	1
55	587	1
55	1418	1
55	1691	1
55	1693	1
55	2233	1
118	30	1
118	543	1
118	802	1
118	951	1
118	1011	1
118	1084	1
118	1087	1
118	1355	1
118	1416	1
118	1418	1
118	1691	1
118	1828	1
118	1952	1
118	2192	1
118	2233	1
415	55	1
415	587	1
415	1418	1
415	1691	1
415	1693	1
415	2233	1
543	30	1
543	118	1
543	802	1
543	951	1
543	1011	1
543	1084	1
543	1087	1
543	1355	1
543	1416	1
543	1418	1
543	1691	1
543	1828	1
543	1952	1
543	2192	1
543	2233	1
587	55	1
587	415	1
587	1418	1
587	1691	1
587	1693	1
587	2233	1
802	30	1
802	118	1
802	543	1
802	951	1
802	1011	1
802	1084	1
802	1087	1
802	1355	1
802	1416	1
802	1418	1
802	1691	1
802	1828	1
802	1952	1
802	2192	1
802	2233	1
951	30	1
951	118	1
951	543	1
951	802	1
951	1011	1
951	1084	1
951	1087	1
951	1355	1
951	1416	1
951	1418	1
951	1691	1
951	1828	1
951	1952	1
951	2192	1
951	2233	1
1011	30	1
1011	118	1
1011	543	1
1011	802	1
1011	951	1
1011	1084	1
1011	1087	1
1011	1355	1
1011	1416	1
1011	1418	1
1011	1691	1
1011	1828	1
1011	1952	1
1011	2192	1
1011	2233	1
1084	30	1
1084	118	1
1084	543	1
1084	802	1
1084	951	1
1084	1011	1
1084	1087	1
1084	1355	1
1084	1416	1
1084	1418	1
1084	1691	1
1084	1828	1
1084	1952	1
1084	2192	1
1084	2233	1
1087	30	1
1087	118	1
1087	543	1
1087	802	1
1087	951	1
1087	1011	1
1087	1084	1
1087	1355	1
1087	1416	1
1087	1418	1
1087	1691	1
1087	1828	1
1087	1952	1
1087	2192	1
1087	2233	1
1355	30	1
1355	118	1
1355	543	1
1355	802	1
1355	951	1
1355	1011	1
1355	1084	1
1355	1087	1
1355	1416	1
1355	1418	1
1355	1691	1
1355	1828	1
1355	1952	1
1355	2192	1
1355	2233	1
1416	30	1
1416	118	1
1416	543	1
1416	802	1
1416	951	1
1416	1011	1
1416	1084	1
1416	1087	1
1416	1355	1
1416	1418	1
1416	1691	1
1416	1828	1
1416	1952	1
1416	2192	1
1416	2233	1
1418	30	1
1418	55	1
1418	118	1
1418	415	1
1418	543	1
1418	587	1
1418	802	1
1418	951	1
1418	1011	1
1418	1084	1
1418	1087	1
1418	1355	1
1418	1416	1
1418	1691	1
1418	1693	1
1418	1828	1
1418	1952	1
1418	2192	1
1418	2233	1
1952	30	1
1952	118	1
1952	543	1
1952	802	1
1952	951	1
1952	1011	1
1952	1084	1
1952	1087	1
1952	1355	1
1952	1416	1
1952	1418	1
1952	1691	1
1952	1828	1
1952	2192	1
1952	2233	1
2192	30	1
2192	118	1
2192	543	1
2192	802	1
2192	951	1
2192	1011	1
2192	1084	1
2192	1087	1
2192	1355	1
2192	1416	1
2192	1418	1
2192	1691	1
2192	1828	1
2192	1952	1
2192	2233	1
2233	30	1
2233	55	1
2233	118	1
2233	415	1
2233	543	1
2233	587	1
2233	802	1
2233	951	1
2233	1011	1
2233	1084	1
2233	1087	1
2233	1355	1
2233	1416	1
2233	1418	1
2233	1691	1
2233	1693	1
2233	1828	1
2233	1952	1
2233	2192	1
64	62	1
64	181	1
64	232	1
64	238	1
64	246	1
64	265	1
64	282	1
64	319	1
64	333	1
64	335	1
64	379	1
64	398	1
64	403	1
64	428	1
64	586	1
64	615	1
64	757	1
64	806	1
64	811	1
64	853	1
64	929	1
64	994	1
64	1086	1
64	1238	1
64	1276	1
64	1296	1
64	1340	1
64	1419	1
64	1506	1
64	1514	1
64	1553	1
64	1710	1
64	1780	1
64	1832	1
64	1834	1
64	1908	1
64	2043	1
64	2070	1
64	2151	1
64	2186	1
64	2253	1
64	2302	1
64	2317	1
246	62	1
246	64	1
246	232	1
246	238	1
246	265	1
246	282	1
246	333	1
246	335	1
246	379	1
246	428	1
246	586	1
246	597	1
246	615	1
246	757	1
246	766	1
246	798	1
246	806	1
246	811	1
246	853	1
246	994	1
246	1086	1
246	1270	1
246	1296	1
246	1340	1
246	1506	1
246	1514	1
246	1553	1
246	1710	1
246	1832	1
246	1834	1
246	1908	1
246	1956	1
246	2043	1
246	2054	1
246	2060	1
246	2070	1
246	2151	1
246	2253	1
246	2302	1
246	2317	1
957	145	1
957	586	1
957	757	1
957	994	1
957	1159	1
957	1553	1
957	1834	1
62	64	1
62	232	1
62	238	1
62	246	1
62	265	1
62	333	1
62	335	1
62	806	1
62	1086	1
62	1340	1
62	1506	1
62	1553	1
62	1832	1
62	2070	1
62	2253	1
232	62	1
232	64	1
232	238	1
232	246	1
232	265	1
232	333	1
232	335	1
232	806	1
232	1086	1
232	1340	1
232	1506	1
232	1553	1
232	1832	1
232	2070	1
232	2253	1
238	62	1
238	64	1
238	232	1
238	246	1
238	265	1
238	333	1
238	335	1
238	428	1
238	597	1
238	766	1
238	798	1
238	806	1
238	811	1
238	1086	1
238	1270	1
238	1276	1
238	1296	1
238	1340	1
238	1419	1
238	1506	1
238	1514	1
238	1553	1
238	1710	1
238	1780	1
238	1832	1
238	1908	1
238	1956	1
238	2043	1
238	2054	1
238	2060	1
238	2070	1
238	2151	1
238	2253	1
238	2302	1
238	2317	1
265	62	1
265	64	1
265	232	1
265	238	1
265	246	1
265	333	1
265	335	1
265	806	1
265	1086	1
265	1340	1
265	1506	1
265	1553	1
265	1832	1
265	2070	1
265	2253	1
282	64	1
282	246	1
282	335	1
282	379	1
282	428	1
282	615	1
282	806	1
282	811	1
282	853	1
282	1086	1
282	1296	1
282	1340	1
282	1553	1
282	1710	1
282	2043	1
282	2302	1
333	62	1
333	64	1
333	181	1
333	232	1
333	238	1
333	246	1
333	265	1
333	319	1
333	335	1
333	398	1
333	403	1
333	806	1
333	811	1
333	1086	1
333	1238	1
333	1340	1
333	1506	1
333	1553	1
333	1780	1
333	1832	1
333	1908	1
333	2043	1
333	2070	1
333	2186	1
333	2253	1
333	2302	1
379	64	1
379	246	1
379	282	1
379	335	1
379	428	1
379	615	1
379	806	1
379	811	1
379	853	1
379	1086	1
379	1296	1
379	1340	1
379	1553	1
379	1710	1
379	2043	1
379	2302	1
615	64	1
615	246	1
615	282	1
615	335	1
615	379	1
615	428	1
615	806	1
615	811	1
615	853	1
615	1086	1
615	1296	1
615	1340	1
615	1553	1
615	1710	1
615	2043	1
615	2302	1
853	64	1
853	246	1
853	282	1
853	335	1
853	379	1
853	428	1
853	615	1
853	806	1
853	811	1
853	1086	1
853	1296	1
853	1340	1
853	1553	1
853	1710	1
853	2043	1
853	2302	1
1276	64	1
1276	238	1
1276	335	1
1276	428	1
1276	806	1
1276	811	1
1276	1086	1
1276	1296	1
1276	1340	1
1276	1419	1
1276	1553	1
1276	1710	1
1276	1780	1
1276	1832	1
1276	2043	1
1276	2070	1
1276	2151	1
1276	2253	1
1276	2302	1
1276	2317	1
1419	64	1
1419	238	1
1419	335	1
1419	428	1
1419	806	1
1419	811	1
1419	1086	1
1419	1276	1
1419	1296	1
1419	1340	1
1419	1553	1
1419	1710	1
1419	1780	1
1419	1832	1
1419	2043	1
1419	2070	1
1419	2151	1
1419	2253	1
1419	2302	1
1419	2317	1
1506	62	1
1506	64	1
1506	232	1
1506	238	1
1506	246	1
1506	265	1
1506	333	1
1506	335	1
1506	806	1
1506	1086	1
1506	1340	1
1506	1553	1
1506	1832	1
1506	2070	1
1506	2253	1
1780	64	1
1780	181	1
1780	238	1
1780	319	1
1780	333	1
1780	335	1
1780	398	1
1780	403	1
1780	428	1
1780	806	1
1780	811	1
1780	1086	1
1780	1238	1
1780	1276	1
1780	1296	1
1780	1340	1
1780	1419	1
1780	1553	1
1780	1710	1
1780	1832	1
1780	1908	1
1780	2043	1
1780	2070	1
1780	2151	1
1780	2186	1
1780	2253	1
1780	2302	1
1780	2317	1
2043	64	1
2043	181	1
2043	238	1
2043	246	1
2043	282	1
2043	319	1
2043	333	1
2043	335	1
2043	379	1
2043	398	1
2043	403	1
2043	428	1
2043	615	1
2043	684	1
2043	773	1
2043	806	1
2043	811	1
2043	853	1
2043	994	1
2043	1065	1
2043	1086	1
2043	1238	1
2043	1276	1
2043	1296	1
2043	1340	1
2043	1419	1
2043	1553	1
2043	1710	1
2043	1780	1
2043	1832	1
2043	1908	1
2043	2070	1
2043	2151	1
2043	2186	1
2043	2253	1
2043	2302	1
2043	2317	1
2253	62	1
2253	64	1
2253	232	1
2253	238	1
2253	246	1
2253	265	1
2253	333	1
2253	335	1
2253	428	1
2253	806	1
2253	811	1
2253	1086	1
2253	1276	1
2253	1296	1
2253	1340	1
2253	1419	1
2253	1506	1
2253	1553	1
2253	1710	1
2253	1780	1
2253	1832	1
2253	2043	1
2253	2070	1
2253	2151	1
2253	2302	1
2253	2317	1
2317	64	1
2317	238	1
2317	246	1
2317	335	1
2317	428	1
2317	806	1
2317	811	1
2317	1086	1
2317	1276	1
2317	1296	1
2317	1340	1
2317	1419	1
2317	1514	1
2317	1553	1
2317	1710	1
2317	1780	1
2317	1832	1
2317	1908	1
2317	2043	1
2317	2070	1
2317	2151	1
2317	2253	1
2317	2302	1
766	238	1
766	246	1
766	597	1
766	798	1
766	1270	1
766	1553	1
766	1710	1
766	1956	1
766	2054	1
766	2060	1
798	238	1
798	246	1
798	597	1
798	766	1
798	1270	1
798	1553	1
798	1710	1
798	1956	1
798	2054	1
798	2060	1
1956	238	1
1956	246	1
1956	597	1
1956	766	1
1956	798	1
1956	1270	1
1956	1553	1
1956	1710	1
1956	2054	1
1956	2060	1
2054	238	1
2054	246	1
2054	597	1
2054	766	1
2054	798	1
2054	1270	1
2054	1553	1
2054	1710	1
2054	1956	1
2054	2060	1
2060	238	1
2060	246	1
2060	597	1
2060	766	1
2060	798	1
2060	1270	1
2060	1553	1
2060	1710	1
2060	1956	1
2060	2054	1
684	773	1
684	994	1
684	1065	1
684	1553	1
684	1832	1
684	2043	1
1065	684	1
1065	773	1
1065	994	1
1065	1553	1
1065	1832	1
1065	2043	1
181	64	1
181	319	1
181	333	1
181	398	1
181	403	1
181	811	1
181	1086	1
181	1238	1
181	1553	1
181	1780	1
181	1832	1
181	1908	1
181	2043	1
181	2186	1
181	2302	1
319	64	1
319	181	1
319	333	1
319	398	1
319	403	1
319	811	1
319	1086	1
319	1238	1
319	1553	1
319	1780	1
319	1832	1
319	1908	1
319	2043	1
319	2186	1
319	2302	1
398	64	1
398	181	1
398	319	1
398	333	1
398	403	1
398	811	1
398	1086	1
398	1238	1
398	1553	1
398	1780	1
398	1832	1
398	1908	1
398	2043	1
398	2186	1
398	2302	1
403	64	1
403	181	1
403	319	1
403	333	1
403	398	1
403	811	1
403	1086	1
403	1238	1
403	1553	1
403	1780	1
403	1832	1
403	1908	1
403	2043	1
403	2186	1
403	2302	1
1238	64	1
1238	181	1
1238	319	1
1238	333	1
1238	398	1
1238	403	1
1238	811	1
1238	1086	1
1238	1553	1
1238	1780	1
1238	1832	1
1238	1908	1
1238	2043	1
1238	2186	1
1238	2302	1
1908	64	1
1908	181	1
1908	238	1
1908	246	1
1908	319	1
1908	333	1
1908	398	1
1908	403	1
1908	811	1
1908	1086	1
1908	1238	1
1908	1296	1
1908	1514	1
1908	1553	1
1908	1710	1
1908	1780	1
1908	1832	1
1908	2043	1
1908	2070	1
1908	2151	1
1908	2186	1
1908	2302	1
1908	2317	1
929	64	1
929	806	1
929	1086	1
929	1340	1
929	1553	1
929	1832	1
929	2070	1
929	2302	1
1514	64	1
1514	238	1
1514	246	1
1514	1086	1
1514	1296	1
1514	1553	1
1514	1710	1
1514	1908	1
1514	2070	1
1514	2151	1
1514	2302	1
1514	2317	1
642	1553	1
155	136	1
155	378	1
155	400	1
155	402	1
155	663	1
155	667	1
155	709	1
155	860	1
155	1229	1
155	1658	1
155	2070	1
155	2184	1
155	2344	1
378	136	1
378	155	1
378	400	1
378	402	1
378	663	1
378	667	1
378	709	1
378	860	1
378	1229	1
378	1658	1
378	2070	1
378	2184	1
378	2344	1
400	136	1
400	155	1
400	378	1
400	402	1
400	663	1
400	667	1
400	709	1
400	860	1
400	1229	1
400	1658	1
400	2070	1
400	2184	1
400	2344	1
402	136	1
402	155	1
402	378	1
402	400	1
402	663	1
402	667	1
402	709	1
402	860	1
402	1229	1
402	1658	1
402	2070	1
402	2184	1
402	2344	1
663	136	1
663	155	1
663	378	1
663	400	1
663	402	1
663	667	1
663	709	1
663	860	1
663	1229	1
663	1658	1
663	2070	1
663	2184	1
663	2344	1
667	136	1
667	155	1
667	378	1
667	400	1
667	402	1
667	663	1
667	709	1
667	860	1
667	1229	1
667	1658	1
667	2070	1
667	2184	1
667	2344	1
709	136	1
709	155	1
709	378	1
709	400	1
709	402	1
709	663	1
709	667	1
709	860	1
709	1229	1
709	1658	1
709	2070	1
709	2184	1
709	2344	1
860	136	1
860	155	1
860	378	1
860	400	1
860	402	1
860	663	1
860	667	1
860	709	1
860	1229	1
860	1658	1
860	2070	1
860	2184	1
860	2344	1
1229	136	1
1229	155	1
1229	378	1
1229	400	1
1229	402	1
1229	663	1
1229	667	1
1229	709	1
1229	860	1
1229	1658	1
1229	2070	1
1229	2184	1
1229	2344	1
1658	136	1
1658	155	1
1658	378	1
1658	400	1
1658	402	1
1658	663	1
1658	667	1
1658	709	1
1658	860	1
1658	1229	1
1658	2070	1
1658	2184	1
1658	2344	1
2184	136	1
2184	155	1
2184	378	1
2184	400	1
2184	402	1
2184	663	1
2184	667	1
2184	709	1
2184	860	1
2184	1229	1
2184	1658	1
2184	2070	1
2184	2344	1
2344	136	1
2344	155	1
2344	378	1
2344	400	1
2344	402	1
2344	663	1
2344	667	1
2344	709	1
2344	860	1
2344	1229	1
2344	1658	1
2344	2070	1
2344	2184	1